,I=1 flag,I=2 flag,I=3 flag,I=4 flag,I=5 flag,I=6 flag,I=7 flag,I=8 flag,I=9 flag,I=10 flag,I=20 flag,I=30 flag,I=40 flag,I=50 flag,I=60 flag,I=70 flag,I=80 flag,I=90 flag,I=100 flag,I=150 flag,I=200 flag,I=250 flag,I=300 flag,I=350 flag,I=400 flag,I=450 flag,I=500 flag,I=600 flag,I=700 flag,I=800 flag,I=1 runtime,I=2 runtime,I=3 runtime,I=4 runtime,I=5 runtime,I=6 runtime,I=7 runtime,I=8 runtime,I=9 runtime,I=10 runtime,I=20 runtime,I=30 runtime,I=40 runtime,I=50 runtime,I=60 runtime,I=70 runtime,I=80 runtime,I=90 runtime,I=100 runtime,I=150 runtime,I=200 runtime,I=250 runtime,I=300 runtime,I=350 runtime,I=400 runtime,I=450 runtime,I=500 runtime,I=600 runtime,I=700 runtime,I=800 runtime
Sec1|Node25_21|Edge10_25,1,1,1,1,1,1,1,1,1,1,1,1,1,1,1,1,1,1,1,1,1,1,1,1,1,1,1,1,1,1,0.00014,0.00012,0.00012,0.00012,0.00012,0.00012,0.00012,0.00011,0.00011,0.00011,0.00011,0.00013,0.00012,0.00011,0.00011,0.00012,0.00012,0.00012,0.00011,0.00011,0.00011,0.00011,0.00011,0.00011,0.00012,0.00011,0.00012,0.00012,0.00012,0.00011
Sec1|Node25_21|Edge1_50,1,1,1,1,1,1,1,1,1,1,1,1,1,1,1,1,1,1,1,1,1,1,1,1,1,1,1,1,1,1,0.00017,0.00016,0.00016,0.00016,0.00016,0.00016,0.00016,0.00016,0.00016,0.00016,0.00016,0.00016,0.00016,0.00016,0.00016,0.00016,0.00016,0.00016,0.00016,0.00016,0.00016,0.00016,0.00016,0.00017,0.00017,0.00016,0.00016,0.00016,0.00016,0.00016
Sec1|Node25_21|Edge2_38,1,1,1,1,1,1,1,1,1,1,1,1,1,1,1,1,1,1,1,1,1,1,1,1,1,1,1,1,1,1,0.00022,0.00021,0.00021,0.00021,0.00021,0.00021,0.00021,0.00022,0.00021,0.00021,0.00021,0.00021,0.00021,0.00022,0.00021,0.00021,0.00021,0.00021,0.00021,0.00021,0.00021,0.00021,0.00021,0.00021,0.00021,0.00021,0.00021,0.00021,0.00021,0.00021
Sec1|Node25_21|Edge3_41,1,1,1,1,1,1,1,1,1,1,1,1,1,1,1,1,1,1,1,1,1,1,1,1,1,1,1,1,1,1,0.00012,0.00011,0.00011,0.00011,0.00011,0.00011,0.00011,0.00011,0.00011,0.00011,0.00011,0.00011,0.00011,0.00011,0.00011,0.00011,0.00011,0.00011,0.00011,0.00011,0.00011,0.00011,0.00011,0.00011,0.00011,0.00011,0.00011,0.00011,0.00011,0.00011
Sec1|Node25_21|Edge4_54,1,1,1,1,1,1,1,1,1,1,1,1,1,1,1,1,1,1,1,1,1,1,1,1,1,1,1,1,1,1,0.00014,0.00014,0.00014,0.00014,0.00014,0.00014,0.00014,0.00013,0.00014,0.00014,0.00014,0.00014,0.00014,0.00014,0.00014,0.00019,0.0002,0.0002,0.00019,0.00021,0.0002,0.00019,0.0002,0.0002,0.00019,0.0002,0.00019,0.00019,0.0002,0.00019
Sec1|Node25_21|Edge5_20,1,1,1,1,1,1,1,1,1,1,1,1,1,1,1,1,1,1,1,1,1,1,1,1,1,1,1,1,1,1,9E-05,9E-05,9E-05,9E-05,9E-05,9E-05,9E-05,9E-05,9E-05,9E-05,8E-05,9E-05,9E-05,9E-05,9E-05,9E-05,8E-05,9E-05,9E-05,8E-05,9E-05,8E-05,9E-05,8E-05,8E-05,9E-05,8E-05,9E-05,9E-05,9E-05
Sec1|Node25_21|Edge6_21,1,1,1,1,1,1,1,1,1,1,1,1,1,1,1,1,1,1,1,1,1,1,1,1,1,1,1,1,1,1,0.00023,0.0003,0.00047,0.00047,0.00047,0.00047,0.00048,0.00047,0.00046,0.00046,0.00046,0.00046,0.00046,0.00046,0.00046,0.00047,0.00046,0.00046,0.00046,0.00046,0.00046,0.00046,0.00046,0.00047,0.00046,0.00046,0.00046,0.00046,0.00046,0.00047
Sec1|Node25_21|Edge7_46,1,1,1,1,1,1,1,1,1,1,1,1,1,1,1,1,1,1,1,1,1,1,1,1,1,1,1,1,1,1,0.00016,0.00015,0.00015,0.00015,0.00014,0.00015,0.00015,0.00015,0.00015,0.00015,0.00015,0.00015,0.00015,0.00015,0.00015,0.00015,0.00015,0.00015,0.00015,0.00015,0.00015,0.00015,0.00015,0.00015,0.00015,0.00015,0.00015,0.00015,0.00015,0.00015
Sec1|Node25_21|Edge8_55,1,1,1,1,1,1,1,1,1,1,1,1,1,1,1,1,1,1,1,1,1,1,1,1,1,1,1,1,1,1,0.00029,0.00059,0.00089,0.0012,0.00161,0.00159,0.0016,0.00161,0.00161,0.00161,0.0016,0.00159,0.0016,0.0016,0.0016,0.00159,0.00159,0.00159,0.00159,0.00158,0.00158,0.0016,0.00158,0.00158,0.00159,0.00159,0.00162,0.0016,0.00161,0.0016
Sec1|Node25_21|Edge9_24,2,2,2,2,2,2,2,2,2,2,2,2,2,2,2,2,2,2,2,2,2,2,2,2,2,2,2,2,2,2,8E-05,8E-05,7E-05,7E-05,7E-05,7E-05,7E-05,7E-05,7E-05,7E-05,7E-05,7E-05,7E-05,7E-05,7E-05,7E-05,7E-05,7E-05,7E-05,7E-05,7E-05,7E-05,7E-05,7E-05,7E-05,7E-05,7E-05,7E-05,7E-05,7E-05
Sec1|Node3_19|Edge10_18,1,1,1,1,1,1,1,1,1,1,1,1,1,1,1,1,1,1,1,1,1,1,1,1,1,1,1,1,1,1,0.0001,0.0001,0.0001,9E-05,9E-05,0.0001,9E-05,0.0001,9E-05,9E-05,9E-05,9E-05,9E-05,9E-05,9E-05,0.0001,9E-05,9E-05,9E-05,9E-05,9E-05,9E-05,9E-05,0.0001,9E-05,9E-05,9E-05,9E-05,0.0001,9E-05
Sec1|Node3_19|Edge1_19,2,2,2,2,2,2,2,2,2,2,2,2,2,2,2,2,2,2,2,2,2,2,2,2,2,2,2,2,2,2,0.00024,0.00024,0.00024,0.00024,0.00023,0.00024,0.00024,0.00024,0.00024,0.00024,0.00024,0.00024,0.00024,0.00024,0.00024,0.00024,0.00024,0.00024,0.00024,0.00024,0.00024,0.00024,0.00024,0.00024,0.00024,0.00024,0.00024,0.00024,0.00024,0.00024
Sec1|Node3_19|Edge2_25,2,2,2,2,2,2,2,2,2,2,2,2,2,2,2,2,2,2,2,2,2,2,2,2,2,2,2,2,2,2,8E-05,8E-05,8E-05,8E-05,8E-05,8E-05,7E-05,8E-05,7E-05,7E-05,8E-05,7E-05,7E-05,8E-05,7E-05,7E-05,7E-05,7E-05,7E-05,7E-05,7E-05,7E-05,7E-05,7E-05,7E-05,7E-05,7E-05,7E-05,8E-05,8E-05
Sec1|Node3_19|Edge3_19,2,2,2,2,2,2,2,2,2,2,2,2,2,2,2,2,2,2,2,2,2,2,2,2,2,2,2,2,2,2,0.00029,0.00027,0.00027,0.00027,0.00027,0.00027,0.00027,0.00027,0.00028,0.00027,0.00027,0.00027,0.00027,0.00029,0.00027,0.00027,0.00027,0.00027,0.00028,0.00027,0.00027,0.00027,0.00027,0.00027,0.00027,0.00028,0.00029,0.00027,0.00027,0.00027
Sec1|Node3_19|Edge4_19,2,2,2,2,2,2,2,2,2,2,2,2,2,2,2,2,2,2,2,2,2,2,2,2,2,2,2,2,2,2,0.0002,0.0002,0.00019,0.00019,0.0002,0.0002,0.0002,0.0002,0.0002,0.00019,0.0002,0.0002,0.0002,0.0002,0.0002,0.00019,0.0002,0.0002,0.00021,0.0002,0.0002,0.0002,0.00021,0.0002,0.0002,0.0002,0.0002,0.0002,0.0002,0.0002
Sec1|Node3_19|Edge5_21,2,2,2,2,2,2,2,2,2,2,2,2,2,2,2,2,2,2,2,2,2,2,2,2,2,2,2,2,2,2,0.00014,0.00013,0.00013,0.00013,0.00014,0.00013,0.00013,0.00013,0.00013,0.00013,0.00013,0.00013,0.00013,0.00013,0.00013,0.00013,0.00013,0.00013,0.00013,0.00013,0.00013,0.00013,0.00013,0.00013,0.00013,0.00013,0.00013,0.00014,0.00013,0.00013
Sec1|Node3_19|Edge6_18,2,2,2,2,2,2,2,2,2,2,2,2,2,2,2,2,2,2,2,2,2,2,2,2,2,2,2,2,2,2,7E-05,7E-05,7E-05,7E-05,7E-05,7E-05,7E-05,7E-05,7E-05,7E-05,7E-05,7E-05,7E-05,7E-05,7E-05,7E-05,7E-05,7E-05,7E-05,7E-05,7E-05,7E-05,8E-05,7E-05,7E-05,7E-05,7E-05,7E-05,7E-05,7E-05
Sec1|Node3_19|Edge7_20,1,1,1,1,1,1,1,1,1,1,1,1,1,1,1,1,1,1,1,1,1,1,1,1,1,1,1,1,1,1,0.00027,0.00026,0.00026,0.00026,0.00026,0.00026,0.00026,0.00026,0.00027,0.00026,0.00026,0.00026,0.00026,0.00026,0.00026,0.00026,0.00026,0.00026,0.00026,0.00026,0.00027,0.00026,0.00026,0.00026,0.00026,0.00027,0.00026,0.00027,0.00026,0.00026
Sec1|Node3_19|Edge8_19,2,2,2,2,2,2,2,2,2,2,2,2,2,2,2,2,2,2,2,2,2,2,2,2,2,2,2,2,2,2,8E-05,7E-05,7E-05,7E-05,7E-05,7E-05,7E-05,7E-05,7E-05,7E-05,7E-05,7E-05,7E-05,7E-05,7E-05,7E-05,7E-05,7E-05,7E-05,7E-05,7E-05,7E-05,7E-05,7E-05,7E-05,7E-05,7E-05,7E-05,7E-05,7E-05
Sec1|Node3_19|Edge9_16,2,2,2,2,2,2,2,2,2,2,2,2,2,2,2,2,2,2,2,2,2,2,2,2,2,2,2,2,2,2,0.0002,0.00019,0.00018,0.00018,0.00018,0.00019,0.00019,0.00019,0.00019,0.00019,0.00019,0.00019,0.00019,0.00019,0.0002,0.00019,0.00019,0.00019,0.00019,0.00019,0.00019,0.00019,0.00019,0.00019,0.00019,0.00019,0.00019,0.00019,0.00019,0.00019
Sec1|Node16_33|Edge10_29,23,23,23,23,23,23,23,23,2,2,2,2,2,2,2,2,2,2,2,2,2,2,2,2,2,2,2,2,2,2,0.00062,0.00065,0.00071,0.0008,0.00083,0.0009,0.00097,0.00104,0.00112,0.00112,0.00112,0.00113,0.00112,0.00112,0.00113,0.00112,0.00112,0.00112,0.00113,0.00112,0.00111,0.00126,0.00113,0.00119,0.00107,0.00109,0.00107,0.00107,0.00108,0.00108
Sec1|Node16_33|Edge1_19,1,1,1,1,1,1,1,1,1,1,1,1,1,1,1,1,1,1,1,1,1,1,1,1,1,1,1,1,1,1,7E-05,6E-05,6E-05,6E-05,6E-05,6E-05,6E-05,6E-05,6E-05,6E-05,6E-05,6E-05,7E-05,6E-05,6E-05,6E-05,6E-05,6E-05,6E-05,6E-05,6E-05,6E-05,6E-05,6E-05,6E-05,6E-05,6E-05,6E-05,6E-05,6E-05
Sec1|Node16_33|Edge2_20,23,23,23,23,23,23,23,2,2,2,2,2,2,2,2,2,2,2,2,2,2,2,2,2,2,2,2,2,2,2,0.00032,0.00038,0.00042,0.00045,0.00049,0.00052,0.00056,0.0006,0.0006,0.0006,0.0006,0.00061,0.00059,0.0006,0.00059,0.0006,0.00059,0.00061,0.0006,0.0006,0.0006,0.00059,0.00059,0.00059,0.0006,0.0006,0.0006,0.0006,0.0006,0.0006
Sec1|Node16_33|Edge3_32,2,2,2,2,2,2,2,2,2,2,2,2,2,2,2,2,2,2,2,2,2,2,2,2,2,2,2,2,2,2,0.00075,0.00075,0.00075,0.00074,0.00076,0.00075,0.00075,0.00076,0.00075,0.00074,0.00076,0.00076,0.00075,0.00074,0.00075,0.00075,0.00075,0.00076,0.00075,0.00075,0.00074,0.00075,0.00075,0.00076,0.00075,0.00075,0.00075,0.00075,0.00077,0.00075
Sec1|Node16_33|Edge4_32,23,23,2,2,2,2,2,2,2,2,2,2,2,2,2,2,2,2,2,2,2,2,2,2,2,2,2,2,2,2,0.00106,0.00113,0.0012,0.0012,0.00119,0.00121,0.00122,0.0012,0.0012,0.00121,0.0012,0.00121,0.00121,0.0012,0.0012,0.00122,0.0012,0.00126,0.00113,0.00113,0.00113,0.00145,0.00132,0.00114,0.00114,0.00114,0.00113,0.00113,0.00116,0.00114
Sec1|Node16_33|Edge5_26,23,23,2,2,2,2,2,2,2,2,2,2,2,2,2,2,2,2,2,2,2,2,2,2,2,2,2,2,2,2,0.0014,0.00145,0.00154,0.00154,0.00154,0.00154,0.00154,0.00155,0.00154,0.00154,0.00154,0.00153,0.00156,0.00155,0.00154,0.00154,0.00154,0.00155,0.00154,0.00156,0.00154,0.00154,0.00154,0.00153,0.00154,0.00153,0.00154,0.00153,0.00152,0.00153
Sec1|Node16_33|Edge6_18,23,23,23,23,23,23,23,23,2,2,2,2,2,2,2,2,2,2,2,2,2,2,2,2,2,2,2,2,2,2,0.0002,0.00026,0.00029,0.00034,0.00039,0.00043,0.00047,0.0005,0.00056,0.00055,0.00056,0.00055,0.00055,0.00055,0.00055,0.00055,0.00055,0.00056,0.00055,0.00055,0.00055,0.00055,0.00055,0.00055,0.00056,0.00055,0.00055,0.00055,0.00055,0.00055
Sec1|Node16_33|Edge7_31,23,23,2,2,2,2,2,2,2,2,2,2,2,2,2,2,2,2,2,2,2,2,2,2,2,2,2,2,2,2,0.00132,0.00135,0.00143,0.00144,0.00143,0.00142,0.00143,0.00144,0.00143,0.00142,0.00143,0.00142,0.00142,0.00142,0.00142,0.00142,0.00143,0.00142,0.00143,0.00142,0.00142,0.00143,0.00143,0.00142,0.00143,0.00142,0.00142,0.00142,0.00143,0.00144
Sec1|Node16_33|Edge8_30,2,2,2,2,2,2,2,2,2,2,2,2,2,2,2,2,2,2,2,2,2,2,2,2,2,2,2,2,2,2,0.00041,0.00042,0.00041,0.00041,0.00041,0.00042,0.00042,0.00042,0.00042,0.00041,0.00041,0.00041,0.00041,0.00041,0.00041,0.00041,0.00041,0.00042,0.00041,0.00041,0.00041,0.00041,0.00041,0.00041,0.00041,0.00041,0.00042,0.00041,0.00041,0.00041
Sec1|Node16_33|Edge9_30,1,1,1,1,1,1,1,1,1,1,1,1,1,1,1,1,1,1,1,1,1,1,1,1,1,1,1,1,1,1,0.00033,0.00043,0.00049,0.00049,0.00048,0.00048,0.00049,0.00048,0.00048,0.00048,0.00049,0.00049,0.00049,0.00049,0.00049,0.00049,0.00049,0.00049,0.00048,0.00049,0.00049,0.00049,0.00049,0.00049,0.00049,0.00048,0.00049,0.00048,0.00049,0.00048
Sec1|Node27_15|Edge10_17,1,1,1,1,1,1,1,1,1,1,1,1,1,1,1,1,1,1,1,1,1,1,1,1,1,1,1,1,1,1,7E-05,7E-05,6E-05,6E-05,6E-05,6E-05,6E-05,6E-05,7E-05,6E-05,6E-05,6E-05,6E-05,6E-05,6E-05,6E-05,6E-05,6E-05,6E-05,7E-05,6E-05,6E-05,6E-05,6E-05,6E-05,6E-05,6E-05,6E-05,6E-05,6E-05
Sec1|Node27_15|Edge1_15,2,2,2,2,2,2,2,2,2,2,2,2,2,2,2,2,2,2,2,2,2,2,2,2,2,2,2,2,2,2,8E-05,8E-05,8E-05,8E-05,8E-05,9E-05,8E-05,8E-05,8E-05,8E-05,8E-05,8E-05,8E-05,8E-05,8E-05,8E-05,8E-05,8E-05,8E-05,8E-05,8E-05,8E-05,8E-05,8E-05,8E-05,8E-05,8E-05,8E-05,8E-05,8E-05
Sec1|Node27_15|Edge2_21,1,1,1,1,1,1,1,1,1,1,1,1,1,1,1,1,1,1,1,1,1,1,1,1,1,1,1,1,1,1,0.00014,0.00014,0.00014,0.00015,0.00014,0.00014,0.00014,0.00014,0.00014,0.00014,0.00014,0.00014,0.00014,0.00014,0.00014,0.00014,0.00014,0.00014,0.00014,0.00014,0.00014,0.00014,0.00014,0.00014,0.00014,0.00014,0.00014,0.00014,0.00014,0.00014
Sec1|Node27_15|Edge3_14,2,2,2,2,2,2,2,2,2,2,2,2,2,2,2,2,2,2,2,2,2,2,2,2,2,2,2,2,2,2,0.00018,0.00018,0.00018,0.00018,0.00018,0.00018,0.00018,0.00018,0.00018,0.00018,0.00018,0.00017,0.00018,0.00018,0.00018,0.00018,0.00018,0.00018,0.00018,0.00018,0.00018,0.00018,0.00018,0.00018,0.00018,0.00018,0.00018,0.00017,0.00018,0.00018
Sec1|Node27_15|Edge4_32,1,1,1,1,1,1,1,1,1,1,1,1,1,1,1,1,1,1,1,1,1,1,1,1,1,1,1,1,1,1,0.00022,0.00021,0.00022,0.00021,0.00021,0.00021,0.00021,0.00021,0.00021,0.00021,0.00021,0.00021,0.00021,0.00021,0.00021,0.00021,0.00021,0.00021,0.00021,0.00021,0.00021,0.00021,0.00021,0.00021,0.00021,0.00021,0.00021,0.00021,0.00022,0.00021
Sec1|Node27_15|Edge5_16,2,2,2,2,2,2,2,2,2,2,2,2,2,2,2,2,2,2,2,2,2,2,2,2,2,2,2,2,2,2,0.00016,0.00016,0.00015,0.00015,0.00015,0.00015,0.00016,0.00015,0.00015,0.00015,0.00015,0.00015,0.00015,0.00015,0.00015,0.00016,0.00015,0.00015,0.00015,0.00015,0.00015,0.00015,0.00015,0.00015,0.00015,0.00015,0.00015,0.00015,0.00016,0.00015
Sec1|Node27_15|Edge6_25,1,1,1,1,1,1,1,1,1,1,1,1,1,1,1,1,1,1,1,1,1,1,1,1,1,1,1,1,1,1,0.00018,0.00017,0.00017,0.00017,0.00017,0.00017,0.00017,0.00017,0.00017,0.00017,0.00017,0.00017,0.00017,0.00017,0.00017,0.00017,0.00017,0.00017,0.00017,0.00017,0.00017,0.00017,0.00017,0.00017,0.00017,0.00017,0.00017,0.00017,0.00017,0.00017
Sec1|Node27_15|Edge7_18,1,1,1,1,1,1,1,1,1,1,1,1,1,1,1,1,1,1,1,1,1,1,1,1,1,1,1,1,1,1,0.00015,0.00014,0.00014,0.00014,0.00014,0.00014,0.00014,0.00014,0.00014,0.00014,0.00014,0.00014,0.00014,0.00014,0.00014,0.00014,0.00014,0.00014,0.00014,0.00014,0.00014,0.00014,0.00014,0.00014,0.00014,0.00014,0.00014,0.00014,0.00014,0.00014
Sec1|Node27_15|Edge8_19,1,1,1,1,1,1,1,1,1,1,1,1,1,1,1,1,1,1,1,1,1,1,1,1,1,1,1,1,1,1,0.00014,0.00014,0.00014,0.00013,0.00013,0.00013,0.00013,0.00014,0.00013,0.00013,0.00013,0.00013,0.00013,0.00013,0.00013,0.00013,0.00013,0.00013,0.00013,0.00014,0.00013,0.00014,0.00015,0.00014,0.00013,0.00013,0.00013,0.00013,0.00013,0.00013
Sec1|Node27_15|Edge9_24,1,1,1,1,1,1,1,1,1,1,1,1,1,1,1,1,1,1,1,1,1,1,1,1,1,1,1,1,1,1,8E-05,8E-05,8E-05,8E-05,8E-05,8E-05,8E-05,8E-05,8E-05,8E-05,8E-05,8E-05,8E-05,8E-05,8E-05,8E-05,8E-05,8E-05,8E-05,8E-05,8E-05,8E-05,8E-05,8E-05,8E-05,8E-05,8E-05,8E-05,8E-05,8E-05
Sec1|Node30_28|Edge10_30,2,2,2,2,2,2,2,2,2,2,2,2,2,2,2,2,2,2,2,2,2,2,2,2,2,2,2,2,2,2,0.00045,0.00045,0.00045,0.00044,0.00044,0.00044,0.00044,0.00044,0.00045,0.00045,0.00045,0.00044,0.00044,0.00045,0.00044,0.00044,0.00045,0.00046,0.00046,0.00045,0.00044,0.00044,0.00044,0.00044,0.00044,0.00044,0.00045,0.00044,0.00044,0.00044
Sec1|Node30_28|Edge1_31,1,1,1,1,1,1,1,1,1,1,1,1,1,1,1,1,1,1,1,1,1,1,1,1,1,1,1,1,1,1,0.00052,0.00053,0.00051,0.00052,0.00051,0.00052,0.00051,0.00052,0.00052,0.00051,0.00051,0.00052,0.00052,0.00052,0.00052,0.00052,0.00052,0.00052,0.00051,0.00051,0.00051,0.00051,0.00052,0.00051,0.00051,0.00051,0.00051,0.00051,0.00051,0.00052
Sec1|Node30_28|Edge2_27,2,2,2,2,2,2,2,2,2,2,2,2,2,2,2,2,2,2,2,2,2,2,2,2,2,2,2,2,2,2,0.0004,0.00039,0.00039,0.00038,0.00038,0.00039,0.00038,0.00039,0.00038,0.00038,0.00039,0.00038,0.00038,0.00039,0.00039,0.00038,0.00038,0.00038,0.00038,0.00038,0.00038,0.00038,0.00039,0.00039,0.00038,0.00039,0.00039,0.00038,0.00038,0.00038
Sec1|Node30_28|Edge3_26,2,2,2,2,2,2,2,2,2,2,2,2,2,2,2,2,2,2,2,2,2,2,2,2,2,2,2,2,2,2,0.00015,0.00014,0.00014,0.00014,0.00014,0.00015,0.00014,0.00014,0.00014,0.00014,0.00014,0.00014,0.00014,0.00014,0.00014,0.00014,0.00014,0.00014,0.00014,0.00015,0.00014,0.00014,0.00014,0.00014,0.00014,0.00014,0.00014,0.00014,0.00014,0.00014
Sec1|Node30_28|Edge4_35,2,2,2,2,2,2,2,2,2,2,2,2,2,2,2,2,2,2,2,2,2,2,2,2,2,2,2,2,2,2,0.00038,0.00039,0.00037,0.00037,0.00038,0.00037,0.00037,0.00037,0.00037,0.00038,0.00038,0.00037,0.00037,0.00038,0.00037,0.00038,0.00038,0.00038,0.00038,0.00038,0.00038,0.00037,0.00038,0.00038,0.00038,0.00037,0.00038,0.00037,0.00037,0.00038
Sec1|Node30_28|Edge5_34,2,2,2,2,2,2,2,2,2,2,2,2,2,2,2,2,2,2,2,2,2,2,2,2,2,2,2,2,2,2,0.00058,0.00057,0.00058,0.00057,0.00057,0.00057,0.00057,0.00058,0.00058,0.00057,0.00058,0.00057,0.00057,0.00057,0.00057,0.00058,0.00057,0.00057,0.00057,0.00057,0.00057,0.00057,0.00059,0.00057,0.00058,0.00058,0.00058,0.00057,0.00057,0.00058
Sec1|Node30_28|Edge6_37,2,2,2,2,2,2,2,2,2,2,2,2,2,2,2,2,2,2,2,2,2,2,2,2,2,2,2,2,2,2,0.00019,0.00019,0.00019,0.00018,0.00019,0.00018,0.00018,0.00018,0.00018,0.00018,0.00018,0.00018,0.00019,0.00018,0.00018,0.00018,0.00018,0.00018,0.00018,0.00018,0.00018,0.00019,0.00018,0.00019,0.00018,0.00018,0.00019,0.00018,0.00018,0.00018
Sec1|Node30_28|Edge7_42,1,1,1,1,1,1,1,1,1,1,1,1,1,1,1,1,1,1,1,1,1,1,1,1,1,1,1,1,1,1,0.00029,0.00029,0.00029,0.00028,0.00029,0.00028,0.00028,0.00028,0.00028,0.00028,0.00028,0.00028,0.00028,0.00028,0.00028,0.00028,0.00028,0.00028,0.00028,0.00028,0.00028,0.00028,0.00028,0.00028,0.00028,0.00028,0.00029,0.00028,0.00028,0.00028
Sec1|Node30_28|Edge8_28,2,2,2,2,2,2,2,2,2,2,2,2,2,2,2,2,2,2,2,2,2,2,2,2,2,2,2,2,2,2,0.00095,0.00095,0.00095,0.00095,0.00094,0.00096,0.00094,0.00094,0.00094,0.00095,0.00094,0.00095,0.00094,0.00095,0.00095,0.00094,0.00095,0.00095,0.00094,0.00094,0.00094,0.00095,0.00094,0.00095,0.00095,0.00095,0.00095,0.00094,0.00094,0.00094
Sec1|Node30_28|Edge9_32,2,2,2,2,2,2,2,2,2,2,2,2,2,2,2,2,2,2,2,2,2,2,2,2,2,2,2,2,2,2,0.00066,0.00066,0.00065,0.00065,0.00065,0.00065,0.00065,0.00065,0.00066,0.00065,0.00066,0.00066,0.00065,0.00066,0.00066,0.00065,0.00066,0.00065,0.00065,0.00067,0.00065,0.00065,0.00065,0.00066,0.00066,0.00066,0.00065,0.00065,0.00065,0.00064
Sec1|Node19_12|Edge10_18,2,2,2,2,2,2,2,2,2,2,2,2,2,2,2,2,2,2,2,2,2,2,2,2,2,2,2,2,2,2,7E-05,7E-05,7E-05,7E-05,7E-05,7E-05,7E-05,7E-05,7E-05,7E-05,7E-05,7E-05,7E-05,7E-05,7E-05,7E-05,7E-05,7E-05,7E-05,7E-05,7E-05,7E-05,7E-05,7E-05,7E-05,7E-05,7E-05,7E-05,7E-05,7E-05
Sec1|Node19_12|Edge1_10,2,2,2,2,2,2,2,2,2,2,2,2,2,2,2,2,2,2,2,2,2,2,2,2,2,2,2,2,2,2,0.00013,0.00013,0.00013,0.00013,0.00014,0.00013,0.00013,0.00013,0.00013,0.00013,0.00013,0.00013,0.00013,0.00013,0.00013,0.00013,0.00013,0.00013,0.00013,0.00013,0.00013,0.00013,0.00013,0.00013,0.00013,0.00013,0.00013,0.00013,0.00013,0.00013
Sec1|Node19_12|Edge2_12,1,1,1,1,1,1,1,1,1,1,1,1,1,1,1,1,1,1,1,1,1,1,1,1,1,1,1,1,1,1,9E-05,9E-05,9E-05,8E-05,8E-05,9E-05,9E-05,9E-05,8E-05,8E-05,8E-05,9E-05,9E-05,8E-05,8E-05,9E-05,9E-05,9E-05,9E-05,9E-05,9E-05,9E-05,9E-05,9E-05,8E-05,9E-05,9E-05,9E-05,9E-05,9E-05
Sec1|Node19_12|Edge3_9,1,1,1,1,1,1,1,1,1,1,1,1,1,1,1,1,1,1,1,1,1,1,1,1,1,1,1,1,1,1,9E-05,0.0001,0.00011,0.00011,0.00011,0.00011,0.00011,0.00011,0.00012,0.00012,0.00011,0.00012,0.00011,0.00011,0.00011,0.00012,0.00011,0.00011,0.00011,0.00011,0.00011,0.00011,0.00011,0.00011,0.00011,0.00011,0.00011,0.00011,0.00012,0.00011
Sec1|Node19_12|Edge4_15,2,2,2,2,2,2,2,2,2,2,2,2,2,2,2,2,2,2,2,2,2,2,2,2,2,2,2,2,2,2,0.00027,0.00027,0.00027,0.00027,0.00027,0.00027,0.00027,0.00027,0.00027,0.00027,0.00026,0.00026,0.00027,0.00027,0.00027,0.00027,0.00027,0.00027,0.00027,0.00027,0.00027,0.00027,0.00027,0.00027,0.00027,0.00027,0.00027,0.00027,0.00027,0.00027
Sec1|Node19_12|Edge5_23,1,1,1,1,1,1,1,1,1,1,1,1,1,1,1,1,1,1,1,1,1,1,1,1,1,1,1,1,1,1,0.00025,0.00024,0.00025,0.00024,0.00024,0.00024,0.00024,0.00024,0.00024,0.00025,0.00024,0.00024,0.00024,0.00024,0.00024,0.00024,0.00024,0.00024,0.00024,0.00024,0.00024,0.00024,0.00024,0.00025,0.00024,0.00024,0.00024,0.00025,0.00024,0.00025
Sec1|Node19_12|Edge6_8,2,2,2,2,2,2,2,2,2,2,2,2,2,2,2,2,2,2,2,2,2,2,2,2,2,2,2,2,2,2,5E-05,4E-05,4E-05,4E-05,4E-05,4E-05,4E-05,4E-05,4E-05,4E-05,4E-05,4E-05,4E-05,4E-05,4E-05,5E-05,4E-05,4E-05,4E-05,4E-05,4E-05,4E-05,4E-05,4E-05,4E-05,4E-05,4E-05,4E-05,4E-05,4E-05
Sec1|Node19_12|Edge7_22,2,2,2,2,2,2,2,2,2,2,2,2,2,2,2,2,2,2,2,2,2,2,2,2,2,2,2,2,2,2,0.00024,0.00023,0.00023,0.00023,0.00023,0.00023,0.00023,0.00023,0.00024,0.00023,0.00023,0.00023,0.00023,0.00023,0.00023,0.00023,0.00023,0.00023,0.00024,0.00023,0.00023,0.00023,0.00023,0.00023,0.00024,0.00023,0.00023,0.00023,0.00023,0.00023
Sec1|Node19_12|Edge8_11,2,2,2,2,2,2,2,2,2,2,2,2,2,2,2,2,2,2,2,2,2,2,2,2,2,2,2,2,2,2,0.00025,0.00024,0.00025,0.00024,0.00025,0.00024,0.00024,0.00025,0.00025,0.00024,0.00024,0.00025,0.00024,0.00024,0.00024,0.00024,0.00024,0.00024,0.00024,0.00025,0.00024,0.00025,0.00024,0.00026,0.00024,0.00024,0.00024,0.00024,0.00024,0.00024
Sec1|Node19_12|Edge9_17,2,2,2,2,2,2,2,2,2,2,2,2,2,2,2,2,2,2,2,2,2,2,2,2,2,2,2,2,2,2,0.0003,0.0003,0.00029,0.00029,0.0003,0.0003,0.00029,0.00029,0.00029,0.00029,0.00029,0.00029,0.0003,0.00029,0.00029,0.00029,0.0003,0.0003,0.0003,0.00029,0.00029,0.00029,0.00029,0.00029,0.00029,0.00029,0.00029,0.00029,0.00029,0.00029
Sec1|Node18_30|Edge10_29,2,2,2,2,2,2,2,2,2,2,2,2,2,2,2,2,2,2,2,2,2,2,2,2,2,2,2,2,2,2,0.00107,0.00105,0.00106,0.00106,0.00105,0.00105,0.00105,0.00105,0.00105,0.00107,0.00107,0.00105,0.00106,0.00105,0.00106,0.00105,0.00106,0.00105,0.00106,0.00105,0.00106,0.00106,0.00105,0.00105,0.00106,0.00105,0.00105,0.00106,0.00105,0.00105
Sec1|Node18_30|Edge1_37,2,2,2,2,2,2,2,2,2,2,2,2,2,2,2,2,2,2,2,2,2,2,2,2,2,2,2,2,2,2,0.00062,0.0006,0.00061,0.00062,0.00061,0.0006,0.0006,0.0006,0.0006,0.00061,0.0006,0.0006,0.0006,0.0006,0.0006,0.00061,0.00061,0.0006,0.0006,0.0006,0.0006,0.0006,0.00062,0.00061,0.00061,0.0006,0.00061,0.00061,0.00061,0.00061
Sec1|Node18_30|Edge2_38,2,2,2,2,2,2,2,2,2,2,2,2,2,2,2,2,2,2,2,2,2,2,2,2,2,2,2,2,2,2,0.00177,0.00174,0.00176,0.00175,0.00175,0.00176,0.00175,0.00176,0.00175,0.00176,0.00175,0.00176,0.00174,0.00176,0.00176,0.00177,0.00176,0.00175,0.00176,0.00176,0.00176,0.00177,0.00177,0.00175,0.00194,0.00187,0.00176,0.00178,0.00176,0.00177
Sec1|Node18_30|Edge3_33,2,2,2,2,2,2,2,2,2,2,2,2,2,2,2,2,2,2,2,2,2,2,2,2,2,2,2,2,2,2,0.00142,0.00142,0.00141,0.00141,0.00143,0.00141,0.00142,0.00141,0.00143,0.00143,0.0014,0.0014,0.00142,0.00141,0.00142,0.00141,0.00142,0.00143,0.00141,0.00141,0.00143,0.00141,0.00141,0.00143,0.00142,0.00141,0.00143,0.00142,0.00144,0.00142
Sec1|Node18_30|Edge4_38,2,2,2,2,2,2,2,2,2,2,2,2,2,2,2,2,2,2,2,2,2,2,2,2,2,2,2,2,2,2,0.00243,0.0024,0.00241,0.00233,0.0023,0.0023,0.00231,0.00229,0.0023,0.0023,0.00231,0.00229,0.00228,0.00232,0.0023,0.00231,0.00229,0.0023,0.00229,0.00229,0.0023,0.00229,0.0023,0.00229,0.00232,0.0023,0.00228,0.0023,0.00229,0.00232
Sec1|Node18_30|Edge5_29,1,1,1,1,1,1,1,1,1,1,1,1,1,1,1,1,1,1,1,1,1,1,1,1,1,1,1,1,1,1,0.00028,0.00038,0.00055,0.00055,0.00054,0.00054,0.00054,0.00054,0.00054,0.00054,0.00054,0.00055,0.00055,0.00054,0.00054,0.00054,0.00054,0.00054,0.00054,0.00055,0.00054,0.00054,0.00055,0.00054,0.00054,0.00054,0.00054,0.00054,0.00054,0.00054
Sec1|Node18_30|Edge6_28,23,23,2,2,2,2,2,2,2,2,2,2,2,2,2,2,2,2,2,2,2,2,2,2,2,2,2,2,2,2,0.00086,0.00092,0.00099,0.00098,0.001,0.00105,0.001,0.00099,0.001,0.00098,0.00099,0.00098,0.00099,0.00098,0.00098,0.00098,0.001,0.00098,0.00098,0.00098,0.001,0.00098,0.00098,0.00098,0.00099,0.00098,0.00098,0.00098,0.00099,0.00098
Sec1|Node18_30|Edge7_39,2,2,2,2,2,2,2,2,2,2,2,2,2,2,2,2,2,2,2,2,2,2,2,2,2,2,2,2,2,2,0.00032,0.00031,0.00031,0.00031,0.0003,0.0003,0.00031,0.00032,0.00031,0.00031,0.0003,0.0003,0.00031,0.00031,0.0003,0.00031,0.00031,0.0003,0.00031,0.00032,0.0003,0.0003,0.00031,0.0003,0.00031,0.0003,0.0003,0.00031,0.00031,0.00031
Sec1|Node18_30|Edge8_37,2,2,2,2,2,2,2,2,2,2,2,2,2,2,2,2,2,2,2,2,2,2,2,2,2,2,2,2,2,2,0.00144,0.00146,0.0014,0.0014,0.0014,0.00141,0.0014,0.00142,0.0014,0.00139,0.0014,0.00141,0.0014,0.00142,0.00141,0.0014,0.00139,0.0014,0.00142,0.00142,0.0014,0.00141,0.00142,0.00141,0.00142,0.00141,0.0014,0.00141,0.00142,0.0014
Sec1|Node18_30|Edge9_39,2,2,2,2,2,2,2,2,2,2,2,2,2,2,2,2,2,2,2,2,2,2,2,2,2,2,2,2,2,2,0.00202,0.00201,0.00201,0.00201,0.00202,0.00201,0.00204,0.00201,0.00203,0.00202,0.00203,0.00202,0.00201,0.00203,0.00202,0.00202,0.00202,0.00203,0.00202,0.00203,0.00204,0.00202,0.00202,0.00203,0.00202,0.00203,0.00202,0.00203,0.00203,0.00201
Sec1|Node20_35|Edge10_26,1,1,1,1,1,1,1,1,1,1,1,1,1,1,1,1,1,1,1,1,1,1,1,1,1,1,1,1,1,1,9E-05,8E-05,8E-05,9E-05,8E-05,8E-05,8E-05,8E-05,8E-05,8E-05,8E-05,8E-05,8E-05,8E-05,8E-05,8E-05,9E-05,8E-05,8E-05,8E-05,8E-05,8E-05,8E-05,8E-05,8E-05,8E-05,8E-05,8E-05,8E-05,8E-05
Sec1|Node20_35|Edge1_27,23,23,2,2,2,2,2,2,2,2,2,2,2,2,2,2,2,2,2,2,2,2,2,2,2,2,2,2,2,2,0.00104,0.00109,0.00114,0.00113,0.00114,0.00113,0.00113,0.00114,0.00114,0.00113,0.00113,0.00114,0.00113,0.00114,0.00113,0.00113,0.00112,0.00114,0.00113,0.00113,0.00112,0.00113,0.00112,0.00113,0.00113,0.00113,0.00114,0.00112,0.00113,0.00114
Sec1|Node20_35|Edge2_28,23,23,2,2,2,2,2,2,2,2,2,2,2,2,2,2,2,2,2,2,2,2,2,2,2,2,2,2,2,2,0.0013,0.00132,0.00139,0.00137,0.00137,0.00138,0.00137,0.00137,0.00138,0.00137,0.00139,0.00138,0.00138,0.00138,0.00138,0.00138,0.00138,0.00138,0.00138,0.00138,0.00138,0.00137,0.00139,0.00138,0.00138,0.00141,0.00138,0.00139,0.00138,0.00137
Sec1|Node20_35|Edge3_29,23,23,23,23,2,2,2,2,2,2,2,2,2,2,2,2,2,2,2,2,2,2,2,2,2,2,2,2,2,2,0.00083,0.00088,0.00091,0.00096,0.00101,0.00102,0.00101,0.00101,0.00101,0.00103,0.00101,0.00101,0.00101,0.00102,0.00101,0.00102,0.00102,0.00102,0.00101,0.00101,0.00101,0.00101,0.00101,0.00101,0.00101,0.00101,0.00102,0.00101,0.00102,0.00101
Sec1|Node20_35|Edge4_25,23,23,2,2,2,2,2,2,2,2,2,2,2,2,2,2,2,2,2,2,2,2,2,2,2,2,2,2,2,2,0.00035,0.00038,0.0004,0.0004,0.0004,0.0004,0.0004,0.00041,0.0004,0.00041,0.0004,0.0004,0.0004,0.0004,0.00041,0.0004,0.0004,0.00041,0.0004,0.0004,0.0004,0.0004,0.0004,0.0004,0.00041,0.0004,0.0004,0.0004,0.00042,0.0004
Sec1|Node20_35|Edge5_20,2,2,2,2,2,2,2,2,2,2,2,2,2,2,2,2,2,2,2,2,2,2,2,2,2,2,2,2,2,2,0.00011,0.00011,0.0001,0.0001,0.0001,0.0001,0.0001,0.0001,0.0001,0.0001,0.0001,0.0001,0.0001,0.0001,0.0001,0.00011,0.0001,0.0001,0.0001,0.0001,0.0001,0.0001,0.0001,0.0001,0.0001,0.0001,0.0001,0.0001,0.0001,0.0001
Sec1|Node20_35|Edge6_18,23,23,2,2,2,2,2,2,2,2,2,2,2,2,2,2,2,2,2,2,2,2,2,2,2,2,2,2,2,2,0.00014,0.00017,0.00019,0.00019,0.00019,0.00019,0.00019,0.00019,0.00019,0.0002,0.00019,0.00019,0.00019,0.00019,0.0002,0.00019,0.00019,0.00019,0.00019,0.00019,0.00019,0.00019,0.00019,0.00019,0.0002,0.00019,0.00019,0.00019,0.00019,0.00019
Sec1|Node20_35|Edge7_19,23,23,23,23,2,2,2,2,2,2,2,2,2,2,2,2,2,2,2,2,2,2,2,2,2,2,2,2,2,2,0.00018,0.00021,0.00023,0.00025,0.00027,0.00027,0.00028,0.00027,0.00027,0.00027,0.00027,0.00027,0.00027,0.00027,0.00027,0.00027,0.00027,0.00027,0.00027,0.00028,0.00027,0.00027,0.00027,0.00027,0.00027,0.00027,0.00027,0.00027,0.00027,0.00027
Sec1|Node20_35|Edge8_28,1,1,1,1,1,1,1,1,1,1,1,1,1,1,1,1,1,1,1,1,1,1,1,1,1,1,1,1,1,1,0.00061,0.0006,0.0006,0.00061,0.0006,0.0006,0.00059,0.00059,0.0006,0.0006,0.00061,0.00061,0.0006,0.0006,0.0006,0.0006,0.00061,0.00061,0.0006,0.0006,0.0006,0.0006,0.0006,0.0006,0.0006,0.00061,0.0006,0.0006,0.0006,0.00062
Sec1|Node20_35|Edge9_23,2,2,2,2,2,2,2,2,2,2,2,2,2,2,2,2,2,2,2,2,2,2,2,2,2,2,2,2,2,2,0.00019,0.00018,0.00018,0.00019,0.00018,0.00018,0.00017,0.00017,0.00019,0.00018,0.00018,0.00018,0.00018,0.00018,0.00018,0.00018,0.00018,0.00018,0.00018,0.00018,0.00018,0.00018,0.00018,0.00018,0.00018,0.00018,0.00018,0.00019,0.00018,0.00018
Sec1|Node13_29|Edge10_28,2,2,2,2,2,2,2,2,2,2,2,2,2,2,2,2,2,2,2,2,2,2,2,2,2,2,2,2,2,2,0.00097,0.00097,0.00095,0.00096,0.00095,0.00097,0.00096,0.00096,0.00096,0.00096,0.00096,0.00096,0.00096,0.00096,0.00096,0.00096,0.00096,0.00097,0.00096,0.00096,0.00096,0.00096,0.00097,0.00096,0.00096,0.00096,0.00097,0.00096,0.00097,0.00097
Sec1|Node13_29|Edge1_32,2,2,2,2,2,2,2,2,2,2,2,2,2,2,2,2,2,2,2,2,2,2,2,2,2,2,2,2,2,2,0.00175,0.00177,0.00172,0.00171,0.00171,0.00171,0.00171,0.00171,0.00171,0.00172,0.00171,0.00171,0.00171,0.00172,0.00171,0.00171,0.00172,0.00171,0.00172,0.00172,0.00173,0.00171,0.00172,0.00171,0.00171,0.00171,0.00171,0.00172,0.00171,0.00171
Sec1|Node13_29|Edge2_39,2,2,2,2,2,2,2,2,2,2,2,2,2,2,2,2,2,2,2,2,2,2,2,2,2,2,2,2,2,2,0.00198,0.00197,0.00197,0.00197,0.00196,0.00197,0.00197,0.00196,0.00196,0.00197,0.00196,0.00197,0.00196,0.00198,0.00197,0.00198,0.00198,0.00197,0.00198,0.00196,0.00196,0.00197,0.00197,0.00197,0.00197,0.00197,0.00199,0.00197,0.00199,0.00198
Sec1|Node13_29|Edge3_41,2,2,2,2,2,2,2,2,2,2,2,2,2,2,2,2,2,2,2,2,2,2,2,2,2,2,2,2,2,2,0.0006,0.0006,0.00059,0.00059,0.00059,0.0006,0.00059,0.00059,0.00059,0.00059,0.0006,0.00059,0.00059,0.00059,0.0006,0.00059,0.00059,0.00059,0.00059,0.00059,0.0006,0.00059,0.00059,0.0006,0.00059,0.00059,0.0006,0.00059,0.00059,0.0006
Sec1|Node13_29|Edge4_29,2,2,2,2,2,2,2,2,2,2,2,2,2,2,2,2,2,2,2,2,2,2,2,2,2,2,2,2,2,2,0.00052,0.00051,0.00051,0.00051,0.00051,0.00051,0.00051,0.00051,0.00051,0.00051,0.00051,0.00051,0.00051,0.00051,0.00052,0.00051,0.00051,0.00051,0.00051,0.00051,0.00051,0.00051,0.00052,0.00051,0.00051,0.00051,0.00051,0.00051,0.00053,0.00051
Sec1|Node13_29|Edge5_42,2,2,2,2,2,2,2,2,2,2,2,2,2,2,2,2,2,2,2,2,2,2,2,2,2,2,2,2,2,2,0.00121,0.00121,0.00121,0.0012,0.00122,0.0012,0.0012,0.00121,0.0012,0.00121,0.00121,0.0012,0.00121,0.00121,0.0012,0.0012,0.0012,0.00121,0.0012,0.0012,0.00121,0.0012,0.00121,0.00121,0.0012,0.0012,0.00121,0.0012,0.00121,0.00121
Sec1|Node13_29|Edge6_41,2,2,2,2,2,2,2,2,2,2,2,2,2,2,2,2,2,2,2,2,2,2,2,2,2,2,2,2,2,2,0.00256,0.00256,0.00255,0.00256,0.00255,0.00255,0.00256,0.00257,0.00256,0.00256,0.00256,0.00256,0.00257,0.00256,0.00256,0.00257,0.00256,0.00257,0.00257,0.00256,0.00256,0.00256,0.00256,0.00256,0.00256,0.00256,0.00256,0.00258,0.00257,0.00256
Sec1|Node13_29|Edge7_33,2,2,2,2,2,2,2,2,2,2,2,2,2,2,2,2,2,2,2,2,2,2,2,2,2,2,2,2,2,2,0.00106,0.00104,0.00104,0.00105,0.00105,0.00105,0.00105,0.00105,0.00105,0.00105,0.00105,0.00105,0.00105,0.00105,0.00106,0.00105,0.00105,0.00105,0.00106,0.00105,0.00105,0.00106,0.00105,0.00104,0.00105,0.00106,0.00105,0.00105,0.00105,0.00105
Sec1|Node13_29|Edge8_39,2,2,2,2,2,2,2,2,2,2,2,2,2,2,2,2,2,2,2,2,2,2,2,2,2,2,2,2,2,2,0.00222,0.00222,0.00221,0.00221,0.00222,0.00221,0.00222,0.00221,0.00221,0.00222,0.00223,0.00221,0.00224,0.00223,0.00223,0.00222,0.00222,0.00221,0.00221,0.00221,0.00223,0.00222,0.00223,0.00222,0.00222,0.00222,0.00222,0.00222,0.00222,0.00223
Sec1|Node13_29|Edge9_29,2,2,2,2,2,2,2,2,2,2,2,2,2,2,2,2,2,2,2,2,2,2,2,2,2,2,2,2,2,2,0.00074,0.00073,0.00074,0.00073,0.00073,0.00073,0.00073,0.00074,0.00073,0.00073,0.00073,0.00073,0.00073,0.00076,0.00073,0.00073,0.00073,0.00076,0.00074,0.00073,0.00073,0.00073,0.00074,0.00074,0.00073,0.00073,0.00073,0.00073,0.00075,0.00073
Sec1|Node23_17|Edge10_21,1,1,1,1,1,1,1,1,1,1,1,1,1,1,1,1,1,1,1,1,1,1,1,1,1,1,1,1,1,1,0.00016,0.00015,0.00016,0.00015,0.00015,0.00015,0.00015,0.00015,0.00015,0.00015,0.00015,0.00015,0.00015,0.00015,0.00015,0.00015,0.00015,0.00015,0.00015,0.00015,0.00015,0.00015,0.00015,0.00015,0.00015,0.00015,0.00015,0.00015,0.00015,0.00015
Sec1|Node23_17|Edge1_26,1,1,1,1,1,1,1,1,1,1,1,1,1,1,1,1,1,1,1,1,1,1,1,1,1,1,1,1,1,1,0.00028,0.00028,0.00027,0.00028,0.00027,0.00027,0.0003,0.00027,0.00027,0.00027,0.00027,0.00027,0.00027,0.00027,0.00027,0.00027,0.00028,0.00027,0.00028,0.00028,0.00027,0.00027,0.00027,0.00027,0.00027,0.00028,0.00027,0.00027,0.00027,0.00028
Sec1|Node23_17|Edge2_22,2,2,2,2,2,2,2,2,2,2,2,2,2,2,2,2,2,2,2,2,2,2,2,2,2,2,2,2,2,2,0.00028,0.00027,0.00027,0.00027,0.00027,0.00027,0.00027,0.00027,0.00027,0.00027,0.00027,0.00028,0.00028,0.00027,0.00027,0.00027,0.00027,0.00027,0.00027,0.00027,0.00027,0.00027,0.00027,0.00027,0.00027,0.00027,0.00027,0.00027,0.00027,0.00027
Sec1|Node23_17|Edge3_27,1,1,1,1,1,1,1,1,1,1,1,1,1,1,1,1,1,1,1,1,1,1,1,1,1,1,1,1,1,1,0.00023,0.0004,0.00065,0.00064,0.00064,0.00063,0.00063,0.00064,0.00064,0.00064,0.00064,0.00064,0.00063,0.00064,0.00065,0.00063,0.00063,0.00064,0.00063,0.00064,0.00063,0.00064,0.00063,0.00064,0.00063,0.00064,0.00064,0.00063,0.00063,0.00063
Sec1|Node23_17|Edge4_40,1,1,1,1,1,1,1,1,1,1,1,1,1,1,1,1,1,1,1,1,1,1,1,1,1,1,1,1,1,1,0.00016,0.00016,0.00015,0.00016,0.00015,0.00016,0.00015,0.00015,0.00015,0.00016,0.00015,0.00015,0.00015,0.00015,0.00015,0.00015,0.00015,0.00017,0.00015,0.00015,0.00015,0.00015,0.00015,0.00015,0.00015,0.00015,0.00015,0.00015,0.00015,0.00015
Sec1|Node23_17|Edge5_33,1,1,1,1,1,1,1,1,1,1,1,1,1,1,1,1,1,1,1,1,1,1,1,1,1,1,1,1,1,1,0.00029,0.00028,0.00027,0.00027,0.00028,0.00027,0.00027,0.00028,0.00027,0.00027,0.00028,0.00027,0.00029,0.00027,0.00028,0.00027,0.00028,0.00027,0.00027,0.00027,0.00027,0.00027,0.00027,0.00027,0.00028,0.00027,0.00028,0.00027,0.00027,0.00027
Sec1|Node23_17|Edge6_30,1,1,1,1,1,1,1,1,1,1,1,1,1,1,1,1,1,1,1,1,1,1,1,1,1,1,1,1,1,1,0.0002,0.00019,0.00019,0.00019,0.0002,0.00019,0.0002,0.00019,0.00019,0.00019,0.00019,0.00019,0.00019,0.00019,0.0002,0.00019,0.00019,0.00019,0.00019,0.00019,0.00019,0.0002,0.00019,0.00019,0.00019,0.00019,0.00019,0.00019,0.00019,0.00019
Sec1|Node23_17|Edge7_17,1,1,1,1,1,1,1,1,1,1,1,1,1,1,1,1,1,1,1,1,1,1,1,1,1,1,1,1,1,1,0.0002,0.00025,0.00036,0.00036,0.00036,0.00036,0.00036,0.00036,0.00036,0.00036,0.00036,0.00036,0.00036,0.00037,0.00036,0.00036,0.00036,0.00036,0.00036,0.00036,0.00036,0.00036,0.00036,0.00036,0.00036,0.00036,0.00036,0.00036,0.00036,0.00036
Sec1|Node23_17|Edge8_21,2,2,2,2,2,2,2,2,2,2,2,2,2,2,2,2,2,2,2,2,2,2,2,2,2,2,2,2,2,2,0.00024,0.00024,0.00024,0.00023,0.00024,0.00023,0.00023,0.00023,0.00024,0.00024,0.00023,0.00025,0.00024,0.00024,0.00024,0.00024,0.00024,0.00025,0.00024,0.00024,0.00024,0.00024,0.00024,0.00023,0.00024,0.00024,0.00024,0.00023,0.00024,0.00023
Sec1|Node23_17|Edge9_22,1,1,1,1,1,1,1,1,1,1,1,1,1,1,1,1,1,1,1,1,1,1,1,1,1,1,1,1,1,1,0.00024,0.00023,0.00023,0.00023,0.00023,0.00023,0.00023,0.00023,0.00022,0.00023,0.00023,0.00023,0.00023,0.00024,0.00023,0.00022,0.00023,0.00023,0.00022,0.00023,0.00023,0.00023,0.00023,0.00023,0.00023,0.00023,0.00023,0.00023,0.00023,0.00023
Sec1|Node26_21|Edge10_40,1,1,1,1,1,1,1,1,1,1,1,1,1,1,1,1,1,1,1,1,1,1,1,1,1,1,1,1,1,1,0.00024,0.00023,0.00023,0.00023,0.00024,0.00023,0.00023,0.00023,0.00023,0.00023,0.00023,0.00023,0.00023,0.00023,0.00023,0.00023,0.00023,0.00023,0.00023,0.00023,0.00024,0.00023,0.00023,0.00023,0.00023,0.00023,0.00023,0.00023,0.00023,0.00024
Sec1|Node26_21|Edge1_40,1,1,1,1,1,1,1,1,1,1,1,1,1,1,1,1,1,1,1,1,1,1,1,1,1,1,1,1,1,1,0.00068,0.00067,0.00067,0.00067,0.00067,0.00067,0.00067,0.00067,0.00066,0.00067,0.00067,0.00068,0.00067,0.00067,0.00067,0.00067,0.00068,0.00067,0.00067,0.00067,0.00067,0.00067,0.00067,0.00067,0.00067,0.00067,0.00067,0.00067,0.00068,0.00067
Sec1|Node26_21|Edge2_48,1,1,1,1,1,1,1,1,1,1,1,1,1,1,1,1,1,1,1,1,1,1,1,1,1,1,1,1,1,1,0.00027,0.00025,0.00026,0.00025,0.00025,0.00025,0.00025,0.00025,0.00025,0.00025,0.00025,0.00025,0.00025,0.00026,0.00025,0.00025,0.00025,0.00025,0.00025,0.00025,0.00025,0.00025,0.00025,0.00025,0.00025,0.00026,0.00026,0.00025,0.00026,0.00025
Sec1|Node26_21|Edge3_26,1,1,1,1,1,1,1,1,1,1,1,1,1,1,1,1,1,1,1,1,1,1,1,1,1,1,1,1,1,1,0.00027,0.00027,0.00026,0.00026,0.00026,0.00026,0.00027,0.00026,0.00026,0.00026,0.00026,0.00026,0.00026,0.00026,0.00026,0.00026,0.00026,0.00026,0.00026,0.00027,0.00026,0.00026,0.00026,0.00026,0.00026,0.00026,0.00026,0.00026,0.00026,0.00026
Sec1|Node26_21|Edge4_56,1,1,1,1,1,1,1,1,1,1,1,1,1,1,1,1,1,1,1,1,1,1,1,1,1,1,1,1,1,1,0.00018,0.00017,0.00017,0.00018,0.00017,0.00017,0.00017,0.00017,0.00017,0.00017,0.00017,0.00017,0.00017,0.00018,0.00017,0.00017,0.00017,0.00017,0.00017,0.00017,0.00017,0.00017,0.00017,0.00017,0.00017,0.00017,0.00017,0.00017,0.00017,0.00017
Sec1|Node26_21|Edge5_58,1,1,1,1,1,1,1,1,1,1,1,1,1,1,1,1,1,1,1,1,1,1,1,1,1,1,1,1,1,1,0.00043,0.00042,0.00042,0.00042,0.00044,0.00042,0.00042,0.00042,0.00042,0.00042,0.00042,0.00042,0.00042,0.00042,0.00042,0.00042,0.00042,0.00042,0.00042,0.00042,0.00042,0.00042,0.00042,0.00042,0.00042,0.00042,0.00042,0.00042,0.00042,0.00042
Sec1|Node26_21|Edge6_39,1,1,1,1,1,1,1,1,1,1,1,1,1,1,1,1,1,1,1,1,1,1,1,1,1,1,1,1,1,1,0.00059,0.00059,0.00058,0.0006,0.00058,0.00058,0.00058,0.00058,0.00058,0.00059,0.00058,0.00058,0.00058,0.00058,0.00058,0.00058,0.00058,0.00058,0.00058,0.00058,0.00058,0.00058,0.00059,0.00058,0.00058,0.00058,0.00058,0.00058,0.00059,0.00058
Sec1|Node26_21|Edge7_50,1,1,1,1,1,1,1,1,1,1,1,1,1,1,1,1,1,1,1,1,1,1,1,1,1,1,1,1,1,1,0.00037,0.00038,0.00036,0.00037,0.00037,0.00037,0.00037,0.00036,0.00037,0.00036,0.00036,0.00037,0.00037,0.00037,0.00037,0.00037,0.00037,0.00036,0.00037,0.00036,0.00037,0.00037,0.00037,0.00036,0.00036,0.00037,0.00036,0.00036,0.00036,0.00037
Sec1|Node26_21|Edge8_20,1,1,1,1,1,1,1,1,1,1,1,1,1,1,1,1,1,1,1,1,1,1,1,1,1,1,1,1,1,1,0.00018,0.00018,0.00018,0.00018,0.00018,0.00017,0.00018,0.00018,0.00017,0.00018,0.00017,0.00018,0.00018,0.00018,0.00018,0.00018,0.00018,0.00018,0.00018,0.00018,0.00018,0.00017,0.00017,0.00018,0.00018,0.00017,0.00017,0.00017,0.00017,0.00017
Sec1|Node26_21|Edge9_38,1,1,1,1,1,1,1,1,1,1,1,1,1,1,1,1,1,1,1,1,1,1,1,1,1,1,1,1,1,1,0.00014,0.00014,0.00014,0.00014,0.00014,0.00014,0.00014,0.00014,0.00014,0.00014,0.00014,0.00014,0.00014,0.00014,0.00014,0.00014,0.00014,0.00014,0.00014,0.00014,0.00014,0.00014,0.00014,0.00014,0.00014,0.00014,0.00014,0.00014,0.00014,0.00014
Sec1|Node15_32|Edge10_36,1,1,1,1,1,1,1,1,1,1,1,1,1,1,1,1,1,1,1,1,1,1,1,1,1,1,1,1,1,1,0.00014,0.00014,0.00014,0.00013,0.00013,0.00013,0.00013,0.00013,0.00013,0.00013,0.00013,0.00013,0.00013,0.00013,0.00013,0.00013,0.00013,0.00013,0.00014,0.00013,0.00014,0.00013,0.00013,0.00014,0.00013,0.00013,0.00013,0.00013,0.00013,0.00013
Sec1|Node15_32|Edge1_33,1,1,1,1,1,1,1,1,1,1,1,1,1,1,1,1,1,1,1,1,1,1,1,1,1,1,1,1,1,1,0.00033,0.00033,0.00032,0.00032,0.00032,0.00032,0.00032,0.00032,0.00031,0.00032,0.00032,0.00032,0.00032,0.00031,0.00032,0.00032,0.00032,0.00031,0.00032,0.00031,0.00033,0.00031,0.00032,0.00031,0.00031,0.00031,0.00032,0.00032,0.00031,0.00032
Sec1|Node15_32|Edge2_26,1,1,1,1,1,1,1,1,1,1,1,1,1,1,1,1,1,1,1,1,1,1,1,1,1,1,1,1,1,1,0.00021,0.00035,0.00054,0.00053,0.00054,0.00053,0.00053,0.00053,0.00053,0.00053,0.00053,0.00054,0.00053,0.00053,0.00053,0.00053,0.00053,0.00053,0.00053,0.00053,0.00053,0.00053,0.00053,0.00053,0.00054,0.00053,0.00053,0.00053,0.00053,0.00053
Sec1|Node15_32|Edge3_36,2,2,2,2,2,2,2,2,2,2,2,2,2,2,2,2,2,2,2,2,2,2,2,2,2,2,2,2,2,2,0.00018,0.00018,0.00017,0.00018,0.00017,0.00017,0.00017,0.00018,0.00017,0.00017,0.00017,0.00019,0.00017,0.00017,0.00019,0.00018,0.00017,0.00016,0.00016,0.00017,0.00017,0.00017,0.00016,0.00017,0.00017,0.00016,0.00017,0.00016,0.00017,0.00017
Sec1|Node15_32|Edge4_33,1,1,1,1,1,1,1,1,1,1,1,1,1,1,1,1,1,1,1,1,1,1,1,1,1,1,1,1,1,1,0.0002,0.00044,0.00072,0.00072,0.00072,0.00072,0.00073,0.00073,0.00072,0.00072,0.00072,0.00072,0.00073,0.00072,0.00072,0.00072,0.00072,0.00072,0.00072,0.00072,0.00072,0.00072,0.00073,0.00072,0.00071,0.00071,0.00071,0.00072,0.00072,0.00071
Sec1|Node15_32|Edge5_27,2,2,2,2,2,2,2,2,2,2,2,2,2,2,2,2,2,2,2,2,2,2,2,2,2,2,2,2,2,2,0.0001,9E-05,9E-05,9E-05,9E-05,9E-05,9E-05,9E-05,9E-05,9E-05,9E-05,9E-05,9E-05,9E-05,9E-05,9E-05,9E-05,9E-05,9E-05,9E-05,9E-05,9E-05,9E-05,9E-05,9E-05,9E-05,0.0001,9E-05,9E-05,9E-05
Sec1|Node15_32|Edge6_31,2,2,2,2,2,2,2,2,2,2,2,2,2,2,2,2,2,2,2,2,2,2,2,2,2,2,2,2,2,2,0.0002,0.0002,0.0002,0.00019,0.00019,0.0002,0.0002,0.00019,0.00019,0.00019,0.0002,0.00019,0.00019,0.00019,0.00019,0.00019,0.00019,0.00019,0.00019,0.00019,0.0002,0.0002,0.0002,0.0002,0.00019,0.00019,0.0002,0.00019,0.00019,0.0002
Sec1|Node15_32|Edge7_32,2,2,2,2,2,2,2,2,2,2,2,2,2,2,2,2,2,2,2,2,2,2,2,2,2,2,2,2,2,2,0.00025,0.00025,0.00025,0.00024,0.00024,0.00024,0.00025,0.00024,0.00025,0.00025,0.00024,0.00024,0.00026,0.00025,0.00025,0.00024,0.00024,0.00025,0.00024,0.00025,0.00024,0.00025,0.00025,0.00025,0.00024,0.00027,0.00025,0.00025,0.00025,0.00025
Sec1|Node15_32|Edge8_36,1,1,1,1,1,1,1,1,1,1,1,1,1,1,1,1,1,1,1,1,1,1,1,1,1,1,1,1,1,1,0.00047,0.00045,0.00045,0.00044,0.00044,0.00044,0.00044,0.00044,0.00044,0.00044,0.00044,0.00044,0.00045,0.00044,0.00044,0.00044,0.00044,0.00044,0.00044,0.00044,0.00044,0.00044,0.00044,0.00044,0.00045,0.00044,0.00044,0.00044,0.00044,0.00044
Sec1|Node15_32|Edge9_27,1,1,1,1,1,1,1,1,1,1,1,1,1,1,1,1,1,1,1,1,1,1,1,1,1,1,1,1,1,1,0.00013,0.00012,0.00012,0.00012,0.00012,0.00012,0.00012,0.00012,0.00012,0.00012,0.00012,0.00012,0.00012,0.00012,0.00012,0.00012,0.00012,0.00012,0.00012,0.00012,0.00013,0.00012,0.00012,0.00012,0.00012,0.00012,0.00012,0.00012,0.00012,0.00012
Sec1|Node12_20|Edge10_23,1,1,1,1,1,1,1,1,1,1,1,1,1,1,1,1,1,1,1,1,1,1,1,1,1,1,1,1,1,1,0.0003,0.0003,0.0003,0.00029,0.00029,0.00029,0.00029,0.00029,0.0003,0.00029,0.0003,0.0003,0.00029,0.0003,0.0003,0.0003,0.0003,0.0003,0.00029,0.00029,0.0003,0.00029,0.0003,0.0003,0.00029,0.0003,0.00029,0.00029,0.0003,0.0003
Sec1|Node12_20|Edge1_45,1,1,1,1,1,1,1,1,1,1,1,1,1,1,1,1,1,1,1,1,1,1,1,1,1,1,1,1,1,1,0.00027,0.00055,0.0009,0.00118,0.00163,0.00162,0.00161,0.00162,0.00163,0.0016,0.00162,0.00161,0.0016,0.00161,0.00161,0.00162,0.0016,0.0016,0.00161,0.0016,0.00162,0.0016,0.0016,0.0016,0.00159,0.00161,0.00161,0.0016,0.0016,0.0016
Sec1|Node12_20|Edge2_35,1,1,1,1,1,1,1,1,1,1,1,1,1,1,1,1,1,1,1,1,1,1,1,1,1,1,1,1,1,1,0.00011,0.0001,0.0001,0.0001,0.0001,0.0001,0.0001,0.0001,0.0001,0.0001,0.0001,0.0001,0.0001,0.0001,0.0001,0.0001,0.0001,0.0001,0.0001,0.0001,0.0001,0.0001,0.0001,0.0001,0.0001,0.0001,0.0001,0.0001,0.0001,0.0001
Sec1|Node12_20|Edge3_22,1,1,1,1,1,1,1,1,1,1,1,1,1,1,1,1,1,1,1,1,1,1,1,1,1,1,1,1,1,1,0.00016,0.00026,0.00041,0.0004,0.0004,0.0004,0.0004,0.0004,0.0004,0.0004,0.0004,0.0004,0.0004,0.0004,0.0004,0.0004,0.0004,0.0004,0.0004,0.00039,0.0004,0.00041,0.0004,0.00039,0.0004,0.0004,0.0004,0.0004,0.00039,0.0004
Sec1|Node12_20|Edge4_19,1,1,1,1,1,1,1,1,1,1,1,1,1,1,1,1,1,1,1,1,1,1,1,1,1,1,1,1,1,1,0.00013,0.00013,0.00012,0.00012,0.00012,0.00013,0.00012,0.00012,0.00012,0.00012,0.00012,0.00013,0.00012,0.00012,0.00012,0.00012,0.00012,0.00013,0.00012,0.00012,0.00012,0.00013,0.00012,0.00012,0.00013,0.00012,0.00012,0.00012,0.00012,0.00012
Sec1|Node12_20|Edge5_37,1,1,1,1,1,1,1,1,1,1,1,1,1,1,1,1,1,1,1,1,1,1,1,1,1,1,1,1,1,1,0.00026,0.00025,0.00025,0.00026,0.00025,0.00026,0.00025,0.00025,0.00025,0.00025,0.00025,0.00026,0.00025,0.00025,0.00025,0.00025,0.00025,0.00025,0.00025,0.00025,0.00025,0.00025,0.00025,0.00025,0.00025,0.00025,0.00025,0.00025,0.00025,0.00025
Sec1|Node12_20|Edge6_22,2,2,2,2,2,2,2,2,2,2,2,2,2,2,2,2,2,2,2,2,2,2,2,2,2,2,2,2,2,2,0.00021,0.00019,0.00019,0.00019,0.0002,0.00019,0.00019,0.00019,0.0002,0.00019,0.00019,0.0002,0.00019,0.0002,0.00019,0.00019,0.00019,0.0002,0.00019,0.00019,0.00019,0.00019,0.00019,0.00019,0.00019,0.00019,0.00019,0.00019,0.0002,0.00019
Sec1|Node12_20|Edge7_57,1,1,1,1,1,1,1,1,1,1,1,1,1,1,1,1,1,1,1,1,1,1,1,1,1,1,1,1,1,1,0.00035,0.00034,0.00033,0.00034,0.00034,0.00034,0.00034,0.00033,0.00033,0.00034,0.00037,0.00034,0.00035,0.00034,0.00034,0.00034,0.00034,0.00034,0.00034,0.00034,0.00034,0.00033,0.00034,0.00034,0.00034,0.00034,0.00034,0.00033,0.00034,0.00034
Sec1|Node12_20|Edge8_36,1,1,1,1,1,1,1,1,1,1,1,1,1,1,1,1,1,1,1,1,1,1,1,1,1,1,1,1,1,1,0.00021,0.0002,0.0002,0.0002,0.0002,0.00021,0.0002,0.0002,0.0002,0.0002,0.0002,0.00021,0.0002,0.0002,0.0002,0.0002,0.0002,0.0002,0.0002,0.0002,0.0002,0.00021,0.0002,0.0002,0.0002,0.0002,0.0002,0.0002,0.0002,0.0002
Sec1|Node12_20|Edge9_24,1,1,1,1,1,1,1,1,1,1,1,1,1,1,1,1,1,1,1,1,1,1,1,1,1,1,1,1,1,1,9E-05,9E-05,9E-05,8E-05,9E-05,9E-05,8E-05,9E-05,8E-05,8E-05,8E-05,8E-05,9E-05,9E-05,9E-05,8E-05,9E-05,8E-05,9E-05,8E-05,9E-05,8E-05,8E-05,8E-05,8E-05,8E-05,8E-05,8E-05,8E-05,8E-05
Sec1|Node28_17|Edge10_21,2,2,2,2,2,2,2,2,2,2,2,2,2,2,2,2,2,2,2,2,2,2,2,2,2,2,2,2,2,2,0.00012,0.00011,0.00011,0.00011,0.00011,0.00011,0.00012,0.00011,0.00011,0.00011,0.00012,0.00011,0.00011,0.00012,0.00011,0.00011,0.00011,0.00011,0.00011,0.00011,0.00011,0.00011,0.00011,0.00011,0.00011,0.00011,0.00011,0.00011,0.00011,0.00011
Sec1|Node28_17|Edge1_14,2,2,2,2,2,2,2,2,2,2,2,2,2,2,2,2,2,2,2,2,2,2,2,2,2,2,2,2,2,2,0.00012,0.00011,0.00011,0.00011,0.00011,0.00012,0.00011,0.00011,0.00011,0.00012,0.00011,0.00011,0.00011,0.00011,0.00011,0.00011,0.00011,0.00011,0.00011,0.00011,0.00011,0.00011,0.00011,0.00011,0.00011,0.00011,0.00011,0.00011,0.00012,0.00011
Sec1|Node28_17|Edge2_27,2,2,2,2,2,2,2,2,2,2,2,2,2,2,2,2,2,2,2,2,2,2,2,2,2,2,2,2,2,2,0.00035,0.00034,0.00034,0.00034,0.00034,0.00034,0.00034,0.00034,0.00033,0.00034,0.00034,0.00035,0.00034,0.00034,0.00034,0.00034,0.00034,0.00034,0.00034,0.00034,0.00034,0.00034,0.00034,0.00035,0.00034,0.00034,0.00034,0.00034,0.00034,0.00034
Sec1|Node28_17|Edge3_33,2,2,2,2,2,2,2,2,2,2,2,2,2,2,2,2,2,2,2,2,2,2,2,2,2,2,2,2,2,2,0.00098,0.00096,0.00095,0.00096,0.00097,0.00095,0.00096,0.00096,0.00096,0.00096,0.00096,0.00096,0.00097,0.00095,0.00096,0.00095,0.00096,0.00095,0.00096,0.00095,0.00096,0.00096,0.00096,0.00096,0.00097,0.00096,0.00096,0.00096,0.00097,0.00096
Sec1|Node28_17|Edge4_17,2,2,2,2,2,2,2,2,2,2,2,2,2,2,2,2,2,2,2,2,2,2,2,2,2,2,2,2,2,2,0.0006,0.00059,0.00059,0.00059,0.00059,0.00058,0.00058,0.00059,0.00058,0.00058,0.00059,0.00058,0.00059,0.00058,0.0006,0.00059,0.00059,0.00059,0.00059,0.00058,0.00059,0.00058,0.00058,0.00059,0.00058,0.00058,0.00058,0.0006,0.00059,0.00058
Sec1|Node28_17|Edge5_15,2,2,2,2,2,2,2,2,2,2,2,2,2,2,2,2,2,2,2,2,2,2,2,2,2,2,2,2,2,2,0.00015,0.00014,0.00014,0.00014,0.00014,0.00015,0.00014,0.00014,0.00014,0.00014,0.00014,0.00014,0.00014,0.00014,0.00014,0.00014,0.00015,0.00014,0.00014,0.00014,0.00014,0.00014,0.00014,0.00014,0.00014,0.00014,0.00014,0.00014,0.00014,0.00014
Sec1|Node28_17|Edge6_25,2,2,2,2,2,2,2,2,2,2,2,2,2,2,2,2,2,2,2,2,2,2,2,2,2,2,2,2,2,2,0.00053,0.00053,0.00052,0.00052,0.00052,0.00053,0.00052,0.00053,0.00052,0.00052,0.00053,0.00052,0.00052,0.00053,0.00052,0.00052,0.00052,0.00052,0.00052,0.00052,0.00053,0.00052,0.00052,0.00052,0.00052,0.00052,0.00052,0.00053,0.00052,0.00052
Sec1|Node28_17|Edge7_36,2,2,2,2,2,2,2,2,2,2,2,2,2,2,2,2,2,2,2,2,2,2,2,2,2,2,2,2,2,2,0.00066,0.00066,0.00066,0.00065,0.00065,0.00065,0.00065,0.00065,0.00065,0.00065,0.00065,0.00065,0.00065,0.00066,0.00065,0.00065,0.00065,0.00065,0.00065,0.00066,0.00065,0.00065,0.00065,0.00065,0.00065,0.00065,0.00065,0.00065,0.00065,0.00065
Sec1|Node28_17|Edge8_29,2,2,2,2,2,2,2,2,2,2,2,2,2,2,2,2,2,2,2,2,2,2,2,2,2,2,2,2,2,2,0.00069,0.00069,0.00069,0.00068,0.0007,0.00068,0.00068,0.00068,0.00068,0.00069,0.00069,0.00068,0.00068,0.00068,0.00068,0.00068,0.00068,0.00068,0.00068,0.00068,0.00068,0.00069,0.00068,0.00068,0.00068,0.00068,0.00068,0.00068,0.00068,0.00068
Sec1|Node28_17|Edge9_22,2,2,2,2,2,2,2,2,2,2,2,2,2,2,2,2,2,2,2,2,2,2,2,2,2,2,2,2,2,2,0.00022,0.00022,0.00021,0.00021,0.00021,0.00021,0.00021,0.00021,0.00021,0.00021,0.00021,0.00021,0.00021,0.00021,0.00021,0.00021,0.00021,0.00021,0.00021,0.00021,0.00021,0.00021,0.00022,0.00021,0.00021,0.00021,0.00021,0.00021,0.00021,0.00021
Sec1|Node4_26|Edge10_41,2,2,2,2,2,2,2,2,2,2,2,2,2,2,2,2,2,2,2,2,2,2,2,2,2,2,2,2,2,2,0.00096,0.00095,0.00095,0.00096,0.00096,0.00095,0.00095,0.00096,0.00095,0.00095,0.00095,0.00096,0.00095,0.00095,0.00095,0.00096,0.00095,0.00095,0.00096,0.00095,0.00095,0.00095,0.00095,0.00095,0.00095,0.00098,0.00095,0.00095,0.00096,0.00095
Sec1|Node4_26|Edge1_31,2,2,2,2,2,2,2,2,2,2,2,2,2,2,2,2,2,2,2,2,2,2,2,2,2,2,2,2,2,2,0.00016,0.00015,0.00015,0.00015,0.00015,0.00015,0.00015,0.00015,0.00015,0.00016,0.00015,0.00015,0.00015,0.00015,0.00016,0.00015,0.00015,0.00015,0.00015,0.00015,0.00016,0.00015,0.00015,0.00015,0.00015,0.00015,0.00015,0.00015,0.00015,0.00015
Sec1|Node4_26|Edge2_32,2,2,2,2,2,2,2,2,2,2,2,2,2,2,2,2,2,2,2,2,2,2,2,2,2,2,2,2,2,2,0.00043,0.00043,0.00043,0.00042,0.00042,0.00042,0.00043,0.00043,0.00042,0.00042,0.00042,0.00043,0.00042,0.00043,0.00043,0.00042,0.00043,0.00042,0.00042,0.00042,0.00043,0.00043,0.00043,0.00042,0.00042,0.00042,0.00042,0.00042,0.00043,0.00043
Sec1|Node4_26|Edge3_47,2,2,2,2,2,2,2,2,2,2,2,2,2,2,2,2,2,2,2,2,2,2,2,2,2,2,2,2,2,2,0.00034,0.00033,0.00032,0.00034,0.00032,0.00032,0.00032,0.00032,0.00032,0.00032,0.00032,0.00032,0.00032,0.00032,0.00033,0.00032,0.00032,0.00032,0.00032,0.00032,0.00032,0.00032,0.00033,0.00032,0.00032,0.00033,0.00032,0.00032,0.00032,0.00032
Sec1|Node4_26|Edge4_48,2,2,2,2,2,2,2,2,2,2,2,2,2,2,2,2,2,2,2,2,2,2,2,2,2,2,2,2,2,2,0.00087,0.00087,0.00087,0.00086,0.00087,0.00087,0.00087,0.00086,0.00087,0.00086,0.00087,0.00087,0.00087,0.00087,0.00087,0.00087,0.00087,0.00088,0.00087,0.00087,0.00087,0.00088,0.00087,0.00087,0.00087,0.00087,0.00088,0.00087,0.00088,0.00087
Sec1|Node4_26|Edge5_28,2,2,2,2,2,2,2,2,2,2,2,2,2,2,2,2,2,2,2,2,2,2,2,2,2,2,2,2,2,2,0.00015,0.00014,0.00014,0.00014,0.00014,0.00014,0.00014,0.00013,0.00014,0.00014,0.00013,0.00015,0.00014,0.00013,0.00013,0.00014,0.00014,0.00014,0.00014,0.00014,0.00013,0.00014,0.00013,0.00014,0.00013,0.00014,0.00014,0.00014,0.00014,0.00014
Sec1|Node4_26|Edge6_42,2,2,2,2,2,2,2,2,2,2,2,2,2,2,2,2,2,2,2,2,2,2,2,2,2,2,2,2,2,2,0.00034,0.00033,0.00033,0.00033,0.00033,0.00033,0.00033,0.00033,0.00034,0.00033,0.00033,0.00033,0.00033,0.00033,0.00033,0.00033,0.00033,0.00033,0.00033,0.00034,0.00033,0.00033,0.00033,0.00033,0.00033,0.00033,0.00033,0.00033,0.00033,0.00033
Sec1|Node4_26|Edge7_42,2,2,2,2,2,2,2,2,2,2,2,2,2,2,2,2,2,2,2,2,2,2,2,2,2,2,2,2,2,2,0.00044,0.00042,0.00043,0.00042,0.00043,0.00042,0.00042,0.00042,0.00042,0.00042,0.00042,0.00042,0.00042,0.00042,0.00042,0.00042,0.00042,0.00042,0.00042,0.00042,0.00042,0.00043,0.00042,0.00042,0.00043,0.00042,0.00043,0.00042,0.00042,0.00042
Sec1|Node4_26|Edge8_30,2,2,2,2,2,2,2,2,2,2,2,2,2,2,2,2,2,2,2,2,2,2,2,2,2,2,2,2,2,2,0.00053,0.00053,0.00052,0.00052,0.00053,0.00052,0.00052,0.00052,0.00052,0.00052,0.00052,0.00053,0.00052,0.00052,0.00052,0.00052,0.00052,0.00052,0.00053,0.00052,0.00052,0.00052,0.00052,0.00052,0.00053,0.00052,0.00053,0.00052,0.00052,0.00052
Sec1|Node4_26|Edge9_38,2,2,2,2,2,2,2,2,2,2,2,2,2,2,2,2,2,2,2,2,2,2,2,2,2,2,2,2,2,2,0.00017,0.00017,0.00016,0.00016,0.00017,0.00016,0.00016,0.00016,0.00016,0.00017,0.00016,0.00016,0.00016,0.00016,0.00017,0.00016,0.00016,0.00016,0.00017,0.00016,0.00016,0.00016,0.00016,0.00016,0.00016,0.00016,0.00016,0.00016,0.00016,0.00016
Sec1|Node11_27|Edge10_27,1,1,1,1,1,1,1,1,1,1,1,1,1,1,1,1,1,1,1,1,1,1,1,1,1,1,1,1,1,1,0.0001,9E-05,9E-05,9E-05,9E-05,9E-05,9E-05,9E-05,9E-05,9E-05,9E-05,9E-05,9E-05,9E-05,9E-05,9E-05,9E-05,9E-05,9E-05,9E-05,9E-05,9E-05,9E-05,9E-05,9E-05,9E-05,9E-05,9E-05,9E-05,9E-05
Sec1|Node11_27|Edge1_29,1,1,1,1,1,1,1,1,1,1,1,1,1,1,1,1,1,1,1,1,1,1,1,1,1,1,1,1,1,1,0.00019,0.00018,0.00018,0.00018,0.00018,0.00018,0.00018,0.00018,0.00018,0.00018,0.00018,0.00018,0.00018,0.00018,0.00018,0.00018,0.00018,0.00018,0.00018,0.00018,0.00018,0.00018,0.00018,0.00018,0.00019,0.00018,0.00018,0.00018,0.00018,0.00018
Sec1|Node11_27|Edge2_25,1,1,1,1,1,1,1,1,1,1,1,1,1,1,1,1,1,1,1,1,1,1,1,1,1,1,1,1,1,1,0.00012,0.00012,0.00012,0.00012,0.00012,0.00012,0.00011,0.00013,0.00011,0.00012,0.00011,0.00011,0.00011,0.00011,0.00011,0.00012,0.00011,0.00012,0.00011,0.00011,0.00011,0.00011,0.00011,0.00011,0.00011,0.00011,0.00011,0.00012,0.00011,0.00012
Sec1|Node11_27|Edge3_26,1,1,1,1,1,1,1,1,1,1,1,1,1,1,1,1,1,1,1,1,1,1,1,1,1,1,1,1,1,1,0.00018,0.00017,0.00017,0.00017,0.00017,0.00017,0.00017,0.00017,0.00017,0.00017,0.00017,0.00018,0.00017,0.00017,0.00017,0.00017,0.00017,0.00017,0.00017,0.00017,0.00017,0.00017,0.00017,0.00017,0.00017,0.00017,0.00017,0.00017,0.00017,0.00017
Sec1|Node11_27|Edge4_26,2,2,2,2,2,2,2,2,2,2,2,2,2,2,2,2,2,2,2,2,2,2,2,2,2,2,2,2,2,2,0.00026,0.00026,0.00025,0.00025,0.00025,0.00025,0.00029,0.00026,0.00025,0.00025,0.00025,0.00026,0.00025,0.00025,0.00025,0.00025,0.00025,0.00025,0.00025,0.00026,0.00025,0.00025,0.00025,0.00025,0.00025,0.00025,0.00025,0.00026,0.00025,0.00025
Sec1|Node11_27|Edge5_26,1,1,1,1,1,1,1,1,1,1,1,1,1,1,1,1,1,1,1,1,1,1,1,1,1,1,1,1,1,1,0.00029,0.00028,0.00028,0.00027,0.00028,0.00028,0.00028,0.00028,0.00028,0.00028,0.00028,0.00028,0.00028,0.00029,0.00028,0.00028,0.00028,0.00028,0.00028,0.00028,0.00028,0.00029,0.00028,0.00028,0.00028,0.00028,0.00028,0.00028,0.00028,0.00028
Sec1|Node11_27|Edge6_30,1,1,1,1,1,1,1,1,1,1,1,1,1,1,1,1,1,1,1,1,1,1,1,1,1,1,1,1,1,1,0.00013,0.00012,0.00012,0.00012,0.00012,0.00012,0.00012,0.00012,0.00012,0.00012,0.00012,0.00012,0.00012,0.00012,0.00013,0.00012,0.00012,0.00013,0.00012,0.00012,0.00012,0.00012,0.00012,0.00012,0.00012,0.00012,0.00012,0.00012,0.00012,0.00012
Sec1|Node11_27|Edge7_25,2,2,2,2,2,2,2,2,2,2,2,2,2,2,2,2,2,2,2,2,2,2,2,2,2,2,2,2,2,2,0.00011,0.00011,0.00011,0.00011,0.00011,0.00011,0.00011,0.00011,0.00011,0.00011,0.00011,0.00011,0.00011,0.00011,0.00011,0.00011,0.00011,0.00011,0.00011,0.00011,0.00011,0.00011,0.00011,0.00011,0.00011,0.00011,0.00011,0.00011,0.00011,0.00011
Sec1|Node11_27|Edge8_26,1,1,1,1,1,1,1,1,1,1,1,1,1,1,1,1,1,1,1,1,1,1,1,1,1,1,1,1,1,1,0.00019,0.00018,0.00017,0.00017,0.00017,0.00017,0.00017,0.00018,0.00017,0.00017,0.00017,0.00017,0.00017,0.00017,0.00017,0.00017,0.00017,0.00018,0.00017,0.00017,0.00017,0.00017,0.00017,0.00017,0.00018,0.00017,0.00017,0.00017,0.00017,0.00017
Sec1|Node11_27|Edge9_28,1,1,1,1,1,1,1,1,1,1,1,1,1,1,1,1,1,1,1,1,1,1,1,1,1,1,1,1,1,1,0.00018,0.00018,0.00018,0.00017,0.00018,0.00017,0.00018,0.00017,0.00017,0.00017,0.00018,0.00017,0.00017,0.00017,0.00017,0.00017,0.00017,0.00017,0.00017,0.00018,0.00017,0.00018,0.00017,0.00017,0.00017,0.00017,0.00017,0.00017,0.00017,0.00017
Sec1|Node21_37|Edge10_19,1,1,1,1,1,1,1,1,1,1,1,1,1,1,1,1,1,1,1,1,1,1,1,1,1,1,1,1,1,1,7E-05,6E-05,6E-05,7E-05,6E-05,6E-05,6E-05,6E-05,7E-05,6E-05,6E-05,6E-05,6E-05,6E-05,6E-05,6E-05,6E-05,6E-05,6E-05,6E-05,6E-05,6E-05,6E-05,6E-05,6E-05,6E-05,6E-05,6E-05,6E-05,6E-05
Sec1|Node21_37|Edge1_23,1,1,1,1,1,1,1,1,1,1,1,1,1,1,1,1,1,1,1,1,1,1,1,1,1,1,1,1,1,1,0.00034,0.00043,0.00055,0.00055,0.00055,0.00055,0.00055,0.00055,0.00055,0.00055,0.00055,0.00055,0.00055,0.00055,0.00056,0.00055,0.00055,0.00055,0.00055,0.00055,0.00055,0.00056,0.00055,0.00054,0.00055,0.00054,0.00055,0.00055,0.00055,0.00054
Sec1|Node21_37|Edge2_20,1,1,1,1,1,1,1,1,1,1,1,1,1,1,1,1,1,1,1,1,1,1,1,1,1,1,1,1,1,1,0.00022,0.00027,0.00035,0.00044,0.00055,0.00055,0.00055,0.00055,0.00055,0.00055,0.00056,0.00055,0.00055,0.00055,0.00055,0.00055,0.00055,0.00056,0.00056,0.00055,0.00055,0.00055,0.00055,0.00055,0.00056,0.00055,0.00056,0.00055,0.00055,0.00055
Sec1|Node21_37|Edge3_16,1,1,1,1,1,1,1,1,1,1,1,1,1,1,1,1,1,1,1,1,1,1,1,1,1,1,1,1,1,1,0.00025,0.00031,0.00041,0.00042,0.00041,0.00042,0.00041,0.00041,0.00043,0.00041,0.00041,0.00042,0.00041,0.00041,0.00042,0.00041,0.00041,0.00042,0.00041,0.00041,0.00042,0.00041,0.00041,0.00041,0.00041,0.00042,0.00041,0.00042,0.00041,0.00041
Sec1|Node21_37|Edge4_19,23,23,23,23,2,2,2,2,2,2,2,2,2,2,2,2,2,2,2,2,2,2,2,2,2,2,2,2,2,2,0.00026,0.00033,0.00036,0.00038,0.00042,0.00042,0.00041,0.00041,0.00042,0.00041,0.00041,0.00041,0.00041,0.00041,0.00041,0.00041,0.00041,0.00041,0.00041,0.00041,0.00042,0.00042,0.00041,0.00041,0.00041,0.00041,0.00041,0.00041,0.00042,0.00042
Sec1|Node21_37|Edge5_19,1,1,1,1,1,1,1,1,1,1,1,1,1,1,1,1,1,1,1,1,1,1,1,1,1,1,1,1,1,1,0.00016,0.00016,0.00016,0.00016,0.00015,0.00016,0.00015,0.00016,0.00015,0.00015,0.00015,0.00015,0.00016,0.00015,0.00016,0.00015,0.00015,0.00016,0.00016,0.00015,0.00016,0.00015,0.00016,0.00015,0.00015,0.00015,0.00015,0.00015,0.00016,0.00016
Sec1|Node21_37|Edge6_15,2,2,2,2,2,2,2,2,2,2,2,2,2,2,2,2,2,2,2,2,2,2,2,2,2,2,2,2,2,2,5E-05,5E-05,5E-05,6E-05,5E-05,5E-05,5E-05,5E-05,5E-05,5E-05,5E-05,5E-05,5E-05,5E-05,5E-05,5E-05,5E-05,5E-05,5E-05,5E-05,5E-05,5E-05,5E-05,5E-05,5E-05,5E-05,5E-05,5E-05,5E-05,5E-05
Sec1|Node21_37|Edge7_19,1,1,1,1,1,1,1,1,1,1,1,1,1,1,1,1,1,1,1,1,1,1,1,1,1,1,1,1,1,1,0.00019,0.00027,0.00037,0.00037,0.00037,0.00037,0.00036,0.00037,0.00037,0.00036,0.00037,0.00036,0.00037,0.00037,0.00037,0.00037,0.00037,0.00037,0.00037,0.00037,0.00037,0.00037,0.00037,0.00037,0.00037,0.00037,0.00037,0.00037,0.00037,0.00037
Sec1|Node21_37|Edge8_22,1,1,1,1,1,1,1,1,1,1,1,1,1,1,1,1,1,1,1,1,1,1,1,1,1,1,1,1,1,1,0.00083,0.00092,0.00096,0.00098,0.00097,0.00097,0.00097,0.00099,0.00097,0.00097,0.00098,0.00098,0.00097,0.00098,0.00097,0.00099,0.00097,0.00097,0.00097,0.00098,0.00097,0.00097,0.00096,0.00098,0.00099,0.00097,0.00098,0.00098,0.00098,0.00098
Sec1|Node21_37|Edge9_21,1,1,1,1,1,1,1,1,1,1,1,1,1,1,1,1,1,1,1,1,1,1,1,1,1,1,1,1,1,1,0.00018,0.00027,0.00037,0.00036,0.00036,0.00037,0.00036,0.00036,0.00038,0.00036,0.00036,0.00036,0.00036,0.00036,0.00036,0.00037,0.00036,0.00036,0.00037,0.00036,0.00036,0.00038,0.00036,0.00037,0.00036,0.00036,0.00036,0.00036,0.00036,0.00037
Sec1|Node29_17|Edge10_28,1,1,1,1,1,1,1,1,1,1,1,1,1,1,1,1,1,1,1,1,1,1,1,1,1,1,1,1,1,1,0.00032,0.0003,0.0003,0.0003,0.00031,0.0003,0.0003,0.0003,0.0003,0.0003,0.0003,0.0003,0.0003,0.0003,0.0003,0.0003,0.00031,0.0003,0.0003,0.0003,0.0003,0.0003,0.0003,0.0003,0.0003,0.0003,0.0003,0.0003,0.00063,0.00059
Sec1|Node29_17|Edge1_15,2,2,2,2,2,2,2,2,2,2,2,2,2,2,2,2,2,2,2,2,2,2,2,2,2,2,2,2,2,2,0.00025,0.00023,0.00023,0.00025,0.00023,0.00023,0.00023,0.00023,0.00024,0.00023,0.00023,0.00023,0.00023,0.00023,0.00023,0.00023,0.00023,0.00023,0.00026,0.00022,0.00022,0.00015,0.00013,0.00012,0.00013,0.00013,0.00013,0.00013,0.00013,0.00013
Sec1|Node29_17|Edge2_21,2,2,2,2,2,2,2,2,2,2,2,2,2,2,2,2,2,2,2,2,2,2,2,2,2,2,2,2,2,2,0.00036,0.00033,0.00035,0.00033,0.00033,0.00033,0.00033,0.00033,0.00033,0.00033,0.00034,0.00034,0.00033,0.00034,0.00033,0.00033,0.00034,0.00033,0.00033,0.00033,0.00034,0.00033,0.00037,0.00033,0.00033,0.00033,0.00033,0.00033,0.00033,0.00033
Sec1|Node29_17|Edge3_19,2,2,2,2,2,2,2,2,2,2,2,2,2,2,2,2,2,2,2,2,2,2,2,2,2,2,2,2,2,2,0.00046,0.00044,0.00044,0.00043,0.00044,0.00044,0.00044,0.00047,0.00044,0.00045,0.00044,0.00045,0.00044,0.00044,0.00045,0.00045,0.00044,0.00044,0.00044,0.00044,0.00044,0.00045,0.00045,0.00044,0.00046,0.00044,0.00044,0.00044,0.00044,0.00044
Sec1|Node29_17|Edge4_27,2,2,2,2,2,2,2,2,2,2,2,2,2,2,2,2,2,2,2,2,2,2,2,2,2,2,2,2,2,2,0.00051,0.00049,0.0005,0.00049,0.0005,0.0005,0.0005,0.0005,0.0005,0.00049,0.0005,0.0005,0.00049,0.00049,0.0005,0.00049,0.00049,0.00051,0.00049,0.00049,0.00049,0.0005,0.00049,0.00049,0.00049,0.00049,0.00049,0.0005,0.00049,0.00049
Sec1|Node29_17|Edge5_23,2,2,2,2,2,2,2,2,2,2,2,2,2,2,2,2,2,2,2,2,2,2,2,2,2,2,2,2,2,2,0.00031,0.0003,0.0003,0.0003,0.0003,0.0003,0.0003,0.00031,0.0003,0.0003,0.0003,0.0003,0.0003,0.0003,0.0003,0.0003,0.0003,0.0003,0.0003,0.0003,0.0003,0.0003,0.00031,0.0003,0.0003,0.0003,0.0003,0.0003,0.0003,0.0003
Sec1|Node29_17|Edge6_18,2,2,2,2,2,2,2,2,2,2,2,2,2,2,2,2,2,2,2,2,2,2,2,2,2,2,2,2,2,2,0.00033,0.00032,0.00033,0.00032,0.00032,0.00033,0.00032,0.00032,0.00032,0.00032,0.00033,0.00032,0.00032,0.00032,0.00032,0.00032,0.00032,0.00032,0.00032,0.00032,0.00032,0.00032,0.00033,0.00032,0.00032,0.00033,0.00032,0.00032,0.00032,0.00032
Sec1|Node29_17|Edge7_15,2,2,2,2,2,2,2,2,2,2,2,2,2,2,2,2,2,2,2,2,2,2,2,2,2,2,2,2,2,2,0.00037,0.00036,0.0004,0.00035,0.00035,0.00035,0.00035,0.00035,0.00034,0.00036,0.00035,0.00035,0.00035,0.00035,0.00035,0.00036,0.00035,0.00035,0.00035,0.00035,0.00035,0.00035,0.00035,0.00036,0.00035,0.00036,0.00035,0.00035,0.00035,0.00035
Sec1|Node29_17|Edge8_16,2,2,2,2,2,2,2,2,2,2,2,2,2,2,2,2,2,2,2,2,2,2,2,2,2,2,2,2,2,2,0.00038,0.00037,0.00036,0.00036,0.00036,0.00036,0.00037,0.00036,0.00036,0.00037,0.00036,0.00037,0.00036,0.00036,0.00036,0.00036,0.00037,0.00036,0.00036,0.00036,0.00036,0.00036,0.00036,0.00036,0.00036,0.00036,0.00036,0.00036,0.00036,0.00036
Sec1|Node29_17|Edge9_17,2,2,2,2,2,2,2,2,2,2,2,2,2,2,2,2,2,2,2,2,2,2,2,2,2,2,2,2,2,2,0.00085,0.00083,0.00086,0.00066,0.00039,0.0004,0.00038,0.00039,0.00039,0.00039,0.0004,0.00039,0.00039,0.00039,0.00039,0.0004,0.00039,0.00039,0.00039,0.00039,0.00039,0.00039,0.00039,0.00039,0.00039,0.00039,0.00039,0.00039,0.00039,0.0004
Sec1|Node6_15|Edge10_21,1,1,1,1,1,1,1,1,1,1,1,1,1,1,1,1,1,1,1,1,1,1,1,1,1,1,1,1,1,1,0.00018,0.00026,0.00041,0.0004,0.00042,0.0004,0.00041,0.0004,0.00041,0.0004,0.0004,0.0004,0.0004,0.0004,0.0004,0.0004,0.0004,0.00041,0.0004,0.0004,0.0004,0.00042,0.0004,0.0004,0.00041,0.00042,0.00042,0.00041,0.00041,0.0004
Sec1|Node6_15|Edge1_22,1,1,1,1,1,1,1,1,1,1,1,1,1,1,1,1,1,1,1,1,1,1,1,1,1,1,1,1,1,1,0.00017,0.00015,0.00015,0.00015,0.00016,0.00016,0.00015,0.00015,0.00015,0.00015,0.00015,0.00015,0.00015,0.00015,0.00015,0.00015,0.00015,0.00015,0.00015,0.00015,0.00015,0.00015,0.00015,0.00015,0.00016,0.00015,0.00015,0.00015,0.00015,0.00015
Sec1|Node6_15|Edge2_39,1,1,1,1,1,1,1,1,1,1,1,1,1,1,1,1,1,1,1,1,1,1,1,1,1,1,1,1,1,1,0.0002,0.00039,0.00065,0.00066,0.00064,0.00064,0.00067,0.00064,0.00065,0.00065,0.00065,0.00065,0.00065,0.00065,0.00066,0.00065,0.00065,0.00064,0.00064,0.00065,0.00064,0.00064,0.00065,0.00064,0.00064,0.00065,0.00064,0.00064,0.00064,0.00064
Sec1|Node6_15|Edge3_44,1,1,1,1,1,1,1,1,1,1,1,1,1,1,1,1,1,1,1,1,1,1,1,1,1,1,1,1,1,1,0.00012,0.00011,0.00011,0.00011,0.00011,0.00011,0.00011,0.00011,0.0001,0.00011,0.0001,0.00011,0.0001,0.0001,0.0001,0.00012,0.0001,0.00011,0.0001,0.00011,0.0001,0.00011,0.0001,0.00011,0.0001,0.00011,0.0001,0.00011,0.0001,0.00011
Sec1|Node6_15|Edge4_24,1,1,1,1,1,1,1,1,1,1,1,1,1,1,1,1,1,1,1,1,1,1,1,1,1,1,1,1,1,1,0.00013,0.00012,0.00014,0.00012,0.00013,0.00013,0.00012,0.00012,0.00012,0.00012,0.00013,0.00012,0.00012,0.00012,0.00012,0.00012,0.00012,0.00012,0.00012,0.00012,0.00012,0.00012,0.00012,0.00012,0.00012,0.00012,0.00013,0.00012,0.00012,0.00012
Sec1|Node6_15|Edge5_36,1,1,1,1,1,1,1,1,1,1,1,1,1,1,1,1,1,1,1,1,1,1,1,1,1,1,1,1,1,1,0.0001,0.0001,0.0001,0.0001,0.0001,0.00011,0.0001,0.0001,0.0001,0.0001,9E-05,9E-05,0.0001,9E-05,9E-05,0.0001,0.0001,9E-05,9E-05,9E-05,9E-05,9E-05,0.0001,0.0001,9E-05,9E-05,9E-05,9E-05,0.0001,9E-05
Sec1|Node6_15|Edge6_32,1,1,1,1,1,1,1,1,1,1,1,1,1,1,1,1,1,1,1,1,1,1,1,1,1,1,1,1,1,1,0.00021,0.00019,0.00019,0.00018,0.00018,0.00018,0.00019,0.00018,0.00018,0.00018,0.00019,0.00018,0.00018,0.00018,0.00018,0.00018,0.00018,0.0002,0.00018,0.00018,0.00018,0.00018,0.00018,0.00018,0.00018,0.00018,0.00018,0.00018,0.00018,0.00018
Sec1|Node6_15|Edge7_24,1,1,1,1,1,1,1,1,1,1,1,1,1,1,1,1,1,1,1,1,1,1,1,1,1,1,1,1,1,1,0.00013,0.00012,0.00012,0.00012,0.00012,0.00012,0.00012,0.00012,0.00012,0.00012,0.00011,0.00012,0.00011,0.00012,0.00011,0.00012,0.00011,0.00012,0.00011,0.00011,0.00012,0.00011,0.00011,0.00013,0.00012,0.00012,0.00012,0.00011,0.00011,0.00012
Sec1|Node6_15|Edge8_15,1,1,1,1,1,1,1,1,1,1,1,1,1,1,1,1,1,1,1,1,1,1,1,1,1,1,1,1,1,1,6E-05,6E-05,6E-05,6E-05,6E-05,6E-05,6E-05,6E-05,6E-05,6E-05,6E-05,6E-05,6E-05,6E-05,6E-05,6E-05,6E-05,6E-05,6E-05,6E-05,6E-05,6E-05,6E-05,6E-05,6E-05,6E-05,6E-05,6E-05,6E-05,6E-05
Sec1|Node6_15|Edge9_43,1,1,1,1,1,1,1,1,1,1,1,1,1,1,1,1,1,1,1,1,1,1,1,1,1,1,1,1,1,1,0.00017,0.00016,0.00016,0.00016,0.00016,0.00016,0.00016,0.00016,0.00016,0.00016,0.00016,0.00016,0.00016,0.00016,0.00016,0.00016,0.00016,0.00016,0.00016,0.00016,0.00016,0.00016,0.00016,0.00016,0.00016,0.00017,0.00016,0.00016,0.00016,0.00016
Sec1|Node9_14|Edge10_23,1,1,1,1,1,1,1,1,1,1,1,1,1,1,1,1,1,1,1,1,1,1,1,1,1,1,1,1,1,1,0.00012,0.00011,0.00011,0.00011,0.00011,0.00011,0.00011,0.00012,0.00011,0.00011,0.00013,0.00011,0.00011,0.00012,0.00011,0.00011,0.00011,0.00011,0.00011,0.00012,0.00011,0.00011,0.00011,0.00011,0.00011,0.00011,0.00011,0.00011,0.00011,0.00011
Sec1|Node9_14|Edge1_18,1,1,1,1,1,1,1,1,1,1,1,1,1,1,1,1,1,1,1,1,1,1,1,1,1,1,1,1,1,1,0.0001,0.00012,0.0001,9E-05,0.0001,9E-05,9E-05,9E-05,9E-05,9E-05,9E-05,9E-05,0.0001,9E-05,9E-05,9E-05,9E-05,9E-05,9E-05,9E-05,9E-05,9E-05,9E-05,9E-05,9E-05,9E-05,9E-05,9E-05,9E-05,9E-05
Sec1|Node9_14|Edge2_18,1,1,1,1,1,1,1,1,1,1,1,1,1,1,1,1,1,1,1,1,1,1,1,1,1,1,1,1,1,1,0.00011,0.0001,0.0001,0.0001,0.0001,0.0001,0.0001,0.0001,0.0001,0.0001,0.0001,0.0001,0.0001,0.0001,0.0001,0.0001,0.0001,0.0001,0.0001,0.0001,0.0001,0.0001,0.0001,0.0001,0.0001,0.0001,0.00012,0.0001,0.0001,0.0001
Sec1|Node9_14|Edge3_12,1,1,1,1,1,1,1,1,1,1,1,1,1,1,1,1,1,1,1,1,1,1,1,1,1,1,1,1,1,1,9E-05,9E-05,8E-05,8E-05,8E-05,8E-05,8E-05,8E-05,8E-05,8E-05,8E-05,8E-05,8E-05,8E-05,8E-05,8E-05,8E-05,8E-05,8E-05,8E-05,8E-05,8E-05,8E-05,8E-05,8E-05,8E-05,8E-05,8E-05,9E-05,8E-05
Sec1|Node9_14|Edge4_40,1,1,1,1,1,1,1,1,1,1,1,1,1,1,1,1,1,1,1,1,1,1,1,1,1,1,1,1,1,1,0.00014,0.00013,0.00013,0.00013,0.00012,0.00013,0.00013,0.00013,0.00012,0.00013,0.00012,0.00013,0.00012,0.00014,0.00013,0.00013,0.00013,0.00013,0.00013,0.00013,0.00013,0.00013,0.00013,0.00013,0.00013,0.00013,0.00013,0.00013,0.00013,0.00013
Sec1|Node9_14|Edge5_13,2,2,2,2,2,2,2,2,2,2,2,2,2,2,2,2,2,2,2,2,2,2,2,2,2,2,2,2,2,2,0.00011,0.0001,0.0001,0.0001,0.00011,9E-05,9E-05,9E-05,0.0001,9E-05,9E-05,9E-05,9E-05,9E-05,9E-05,9E-05,9E-05,9E-05,9E-05,9E-05,9E-05,9E-05,9E-05,9E-05,9E-05,9E-05,9E-05,9E-05,9E-05,9E-05
Sec1|Node9_14|Edge6_39,1,1,1,1,1,1,1,1,1,1,1,1,1,1,1,1,1,1,1,1,1,1,1,1,1,1,1,1,1,1,0.0002,0.00019,0.00019,0.00019,0.00019,0.00018,0.00018,0.00019,0.00019,0.00019,0.00019,0.00018,0.00019,0.0002,0.00019,0.00019,0.00019,0.00019,0.00019,0.00019,0.00019,0.00019,0.00019,0.00019,0.00019,0.00019,0.00019,0.00019,0.00019,0.00019
Sec1|Node9_14|Edge7_40,1,1,1,1,1,1,1,1,1,1,1,1,1,1,1,1,1,1,1,1,1,1,1,1,1,1,1,1,1,1,0.0002,0.00019,0.00018,0.00019,0.00019,0.00018,0.00018,0.00018,0.00019,0.00018,0.00019,0.00018,0.00018,0.00018,0.00018,0.00018,0.00018,0.00018,0.00019,0.00019,0.00019,0.00018,0.00018,0.00018,0.00018,0.00018,0.00019,0.00018,0.00018,0.00018
Sec1|Node9_14|Edge8_28,1,1,1,1,1,1,1,1,1,1,1,1,1,1,1,1,1,1,1,1,1,1,1,1,1,1,1,1,1,1,0.00017,0.00016,0.00016,0.00016,0.00016,0.00016,0.00016,0.00016,0.00016,0.00016,0.00016,0.00016,0.00016,0.00016,0.00016,0.00016,0.00016,0.00016,0.00016,0.00016,0.00016,0.00016,0.00016,0.00016,0.00016,0.00016,0.00016,0.00016,0.00016,0.00016
Sec1|Node9_14|Edge9_33,1,1,1,1,1,1,1,1,1,1,1,1,1,1,1,1,1,1,1,1,1,1,1,1,1,1,1,1,1,1,0.00018,0.00017,0.00018,0.00017,0.00017,0.00017,0.00017,0.00017,0.00017,0.00017,0.00017,0.00017,0.00018,0.00017,0.00017,0.00017,0.00017,0.00017,0.00017,0.00017,0.00017,0.00017,0.00017,0.00017,0.00017,0.00017,0.00017,0.00017,0.00017,0.00017
Sec1|Node17_16|Edge10_20,2,2,2,2,2,2,2,2,2,2,2,2,2,2,2,2,2,2,2,2,2,2,2,2,2,2,2,2,2,2,0.00035,0.00035,0.00034,0.00034,0.00034,0.00034,0.00034,0.00034,0.00034,0.00034,0.00034,0.00034,0.00034,0.00033,0.00034,0.00034,0.00034,0.00034,0.00034,0.00034,0.00034,0.00034,0.00034,0.00034,0.00033,0.00034,0.00034,0.00033,0.00033,0.00034
Sec1|Node17_16|Edge1_21,2,2,2,2,2,2,2,2,2,2,2,2,2,2,2,2,2,2,2,2,2,2,2,2,2,2,2,2,2,2,0.00027,0.00027,0.00027,0.00027,0.00027,0.00027,0.00027,0.00027,0.00027,0.00027,0.00028,0.00027,0.00027,0.00027,0.00027,0.00027,0.00027,0.00027,0.00027,0.00027,0.00027,0.00027,0.00027,0.00028,0.00028,0.00027,0.00027,0.00027,0.00027,0.00027
Sec1|Node17_16|Edge2_22,2,2,2,2,2,2,2,2,2,2,2,2,2,2,2,2,2,2,2,2,2,2,2,2,2,2,2,2,2,2,0.00028,0.00028,0.00027,0.00027,0.00028,0.00029,0.00027,0.00027,0.00027,0.00027,0.00027,0.00027,0.00027,0.00027,0.00027,0.00027,0.00027,0.00027,0.00027,0.00028,0.00027,0.00028,0.00027,0.00027,0.00027,0.00027,0.00027,0.00027,0.00027,0.00027
Sec1|Node17_16|Edge3_17,2,2,2,2,2,2,2,2,2,2,2,2,2,2,2,2,2,2,2,2,2,2,2,2,2,2,2,2,2,2,0.00055,0.00054,0.00053,0.00054,0.00053,0.00053,0.00053,0.00054,0.00053,0.00053,0.00053,0.00053,0.00053,0.00053,0.00054,0.00053,0.00053,0.00053,0.00053,0.00053,0.00053,0.00053,0.00054,0.00054,0.00053,0.00053,0.00053,0.00053,0.00054,0.00054
Sec1|Node17_16|Edge4_14,1,1,1,1,1,1,1,1,1,1,1,1,1,1,1,1,1,1,1,1,1,1,1,1,1,1,1,1,1,1,0.00023,0.00027,0.00032,0.00032,0.00032,0.00032,0.00031,0.00032,0.00031,0.00031,0.00032,0.00031,0.00031,0.00032,0.00031,0.00032,0.00032,0.00032,0.00032,0.00032,0.00032,0.00032,0.00032,0.00032,0.00032,0.00032,0.00032,0.00033,0.00032,0.00032
Sec1|Node17_16|Edge5_24,2,2,2,2,2,2,2,2,2,2,2,2,2,2,2,2,2,2,2,2,2,2,2,2,2,2,2,2,2,2,0.00057,0.00056,0.00055,0.00057,0.00055,0.00057,0.00056,0.00056,0.00057,0.00056,0.00057,0.00056,0.00056,0.00056,0.00056,0.00058,0.00056,0.00057,0.00056,0.00056,0.00057,0.00056,0.00056,0.00056,0.00057,0.00056,0.00056,0.00056,0.00056,0.00056
Sec1|Node17_16|Edge6_16,2,2,2,2,2,2,2,2,2,2,2,2,2,2,2,2,2,2,2,2,2,2,2,2,2,2,2,2,2,2,0.00024,0.00024,0.00024,0.00024,0.00024,0.00024,0.00024,0.00023,0.00025,0.00024,0.00024,0.00023,0.00024,0.00025,0.00024,0.00024,0.00024,0.00024,0.00024,0.00024,0.00025,0.00024,0.00024,0.00024,0.00024,0.00024,0.00024,0.00024,0.00024,0.00024
Sec1|Node17_16|Edge7_15,2,2,2,2,2,2,2,2,2,2,2,2,2,2,2,2,2,2,2,2,2,2,2,2,2,2,2,2,2,2,0.00051,0.0005,0.0005,0.0005,0.0005,0.00052,0.00051,0.00051,0.00051,0.00052,0.0005,0.0005,0.0005,0.00051,0.0005,0.0005,0.00051,0.0005,0.0005,0.0005,0.0005,0.00051,0.00048,0.00048,0.00048,0.00048,0.00049,0.00048,0.00048,0.00048
Sec1|Node17_16|Edge8_18,2,2,2,2,2,2,2,2,2,2,2,2,2,2,2,2,2,2,2,2,2,2,2,2,2,2,2,2,2,2,0.00099,0.001,0.00046,0.00046,0.00046,0.00046,0.00046,0.00046,0.00047,0.00046,0.00046,0.00046,0.00046,0.00046,0.00046,0.00046,0.00047,0.00046,0.00046,0.00046,0.00046,0.00046,0.00046,0.00046,0.00047,0.00046,0.00046,0.00046,0.00047,0.00046
Sec1|Node17_16|Edge9_25,2,2,2,2,2,2,2,2,2,2,2,2,2,2,2,2,2,2,2,2,2,2,2,2,2,2,2,2,2,2,0.00057,0.00054,0.00055,0.00054,0.00054,0.00055,0.00056,0.00056,0.00055,0.00055,0.00055,0.00055,0.00055,0.00055,0.00056,0.00055,0.00055,0.00054,0.00054,0.00054,0.00054,0.00055,0.00054,0.00055,0.00055,0.00055,0.00055,0.00055,0.00056,0.00055
Sec1|Node14_17|Edge10_19,1,1,1,1,1,1,1,1,1,1,1,1,1,1,1,1,1,1,1,1,1,1,1,1,1,1,1,1,1,1,0.00025,0.00029,0.00035,0.00037,0.00034,0.00034,0.00034,0.00034,0.00034,0.00034,0.00034,0.00034,0.00034,0.00034,0.00034,0.00034,0.00034,0.00034,0.00034,0.00034,0.00034,0.00034,0.00034,0.00034,0.00037,0.00034,0.00034,0.00034,0.00034,0.00034
Sec1|Node14_17|Edge1_33,1,1,1,1,1,1,1,1,1,1,1,1,1,1,1,1,1,1,1,1,1,1,1,1,1,1,1,1,1,1,0.00011,0.0001,0.0001,0.0001,0.0001,0.0001,0.00011,0.0001,0.0001,0.0001,0.0001,0.0001,0.0001,0.00011,0.0001,0.0001,0.0001,0.0001,0.0001,0.0001,0.0001,0.0001,0.0001,0.0001,0.0001,0.0001,0.0001,0.0001,0.0001,0.0001
Sec1|Node14_17|Edge2_27,2,2,2,2,2,2,2,2,2,2,2,2,2,2,2,2,2,2,2,2,2,2,2,2,2,2,2,2,2,2,0.0005,0.00049,0.0005,0.00049,0.00049,0.00049,0.0005,0.00049,0.00049,0.00049,0.0005,0.00049,0.00049,0.00049,0.0005,0.00049,0.00049,0.00049,0.00049,0.00049,0.00049,0.00051,0.00049,0.00049,0.00049,0.00049,0.00049,0.00049,0.00049,0.00051
Sec1|Node14_17|Edge3_29,1,1,1,1,1,1,1,1,1,1,1,1,1,1,1,1,1,1,1,1,1,1,1,1,1,1,1,1,1,1,0.00034,0.00033,0.00033,0.00033,0.00032,0.00033,0.00033,0.00033,0.00032,0.00032,0.00033,0.00032,0.00033,0.00032,0.00033,0.00032,0.00035,0.00033,0.00033,0.00033,0.00033,0.00033,0.00033,0.00033,0.00033,0.00033,0.00033,0.00034,0.00033,0.00033
Sec1|Node14_17|Edge4_15,23,23,2,2,2,2,2,2,2,2,2,2,2,2,2,2,2,2,2,2,2,2,2,2,2,2,2,2,2,2,0.00026,0.00029,0.00036,0.00037,0.00036,0.00038,0.00037,0.00036,0.00036,0.00036,0.00036,0.00037,0.00036,0.00036,0.00036,0.00036,0.00037,0.00036,0.00036,0.00036,0.00036,0.00036,0.00036,0.00036,0.00036,0.00036,0.00037,0.00036,0.00036,0.00036
Sec1|Node14_17|Edge5_27,1,1,1,1,1,1,1,1,1,1,1,1,1,1,1,1,1,1,1,1,1,1,1,1,1,1,1,1,1,1,0.00041,0.0004,0.0004,0.0004,0.00039,0.0004,0.0004,0.0004,0.0004,0.0004,0.00041,0.0004,0.0004,0.0004,0.0004,0.0004,0.0004,0.0004,0.0004,0.0004,0.0004,0.0004,0.0004,0.0004,0.0004,0.0004,0.0004,0.0004,0.0004,0.0004
Sec1|Node14_17|Edge6_34,1,1,1,1,1,1,1,1,1,1,1,1,1,1,1,1,1,1,1,1,1,1,1,1,1,1,1,1,1,1,0.00029,0.00028,0.00028,0.00028,0.00028,0.00028,0.0003,0.00028,0.00028,0.00028,0.00028,0.00028,0.00028,0.00029,0.00028,0.00028,0.00028,0.00028,0.00029,0.00029,0.00028,0.00028,0.00028,0.00028,0.00028,0.00028,0.00028,0.00028,0.00028,0.00028
Sec1|Node14_17|Edge7_24,1,1,1,1,1,1,1,1,1,1,1,1,1,1,1,1,1,1,1,1,1,1,1,1,1,1,1,1,1,1,0.00036,0.00035,0.00035,0.00036,0.00035,0.00036,0.00035,0.00036,0.00036,0.00035,0.00036,0.00035,0.00035,0.00035,0.00035,0.00035,0.00039,0.00048,0.00052,0.00055,0.00035,0.00034,0.00034,0.00034,0.00034,0.00034,0.00035,0.00034,0.00034,0.00035
Sec1|Node14_17|Edge8_24,2,2,2,2,2,2,2,2,2,2,2,2,2,2,2,2,2,2,2,2,2,2,2,2,2,2,2,2,2,2,0.0002,0.0002,0.0002,0.00019,0.00019,0.00021,0.00024,0.00019,0.00019,0.00019,0.0002,0.00019,0.00019,0.00019,0.00019,0.0002,0.00019,0.00019,0.00019,0.00019,0.00019,0.00019,0.0002,0.0002,0.00019,0.00019,0.00019,0.00019,0.00019,0.00019
Sec1|Node14_17|Edge9_32,2,2,2,2,2,2,2,2,2,2,2,2,2,2,2,2,2,2,2,2,2,2,2,2,2,2,2,2,2,2,0.00015,0.00015,0.00015,0.00014,0.00015,0.00015,0.00016,0.00015,0.00015,0.00015,0.00015,0.00015,0.00015,0.00015,0.00015,0.00015,0.00015,0.00014,0.00015,0.00015,0.00015,0.00015,0.00015,0.00015,0.00015,0.00015,0.00015,0.00015,0.00016,0.00015
Sec1|Node24_33|Edge10_34,1,1,1,1,1,1,1,1,1,1,1,1,1,1,1,1,1,1,1,1,1,1,1,1,1,1,1,1,1,1,0.00031,0.00045,0.00073,0.00072,0.00072,0.00072,0.00073,0.00071,0.00071,0.00072,0.00072,0.00075,0.0007,0.0007,0.00069,0.00069,0.0007,0.00069,0.0007,0.00069,0.00069,0.00072,0.0007,0.00069,0.00069,0.00069,0.00071,0.0007,0.0007,0.0007
Sec1|Node24_33|Edge1_34,1,1,1,1,1,1,1,1,1,1,1,1,1,1,1,1,1,1,1,1,1,1,1,1,1,1,1,1,1,1,0.00021,0.0002,0.00021,0.0002,0.00021,0.0002,0.00021,0.0002,0.0002,0.00021,0.0002,0.0002,0.0002,0.0002,0.0002,0.0002,0.0002,0.0002,0.0002,0.00021,0.0002,0.0002,0.0002,0.0002,0.0002,0.0002,0.0002,0.0002,0.0002,0.0002
Sec1|Node24_33|Edge2_31,1,1,1,1,1,1,1,1,1,1,1,1,1,1,1,1,1,1,1,1,1,1,1,1,1,1,1,1,1,1,0.00024,0.00043,0.00072,0.00072,0.00072,0.00072,0.00072,0.00072,0.00072,0.00074,0.00072,0.00072,0.00072,0.00073,0.00073,0.00073,0.00073,0.00073,0.00073,0.00073,0.00073,0.00073,0.00073,0.00073,0.00074,0.00073,0.00073,0.00073,0.00073,0.00076
Sec1|Node24_33|Edge3_32,1,1,1,1,1,1,1,1,1,1,1,1,1,1,1,1,1,1,1,1,1,1,1,1,1,1,1,1,1,1,0.00023,0.00041,0.00069,0.00068,0.00068,0.00069,0.00069,0.0007,0.0007,0.0007,0.0007,0.0007,0.00071,0.0007,0.0007,0.0007,0.0007,0.00071,0.0007,0.0007,0.00069,0.0007,0.00071,0.0007,0.0007,0.0007,0.00069,0.00072,0.0007,0.0007
Sec1|Node24_33|Edge4_33,2,2,2,2,2,2,2,2,2,2,2,2,2,2,2,2,2,2,2,2,2,2,2,2,2,2,2,2,2,2,0.00014,0.00013,0.00013,0.00013,0.00013,0.00013,0.00013,0.00013,0.00013,0.00013,0.00013,0.00013,0.00013,0.00013,0.00013,0.00013,0.00013,0.00013,0.00014,0.00013,0.00013,0.00013,0.00013,0.00013,0.00013,0.00013,0.00013,0.00013,0.00013,0.00013
Sec1|Node24_33|Edge5_34,1,1,1,1,1,1,1,1,1,1,1,1,1,1,1,1,1,1,1,1,1,1,1,1,1,1,1,1,1,1,0.00024,0.00023,0.00024,0.00023,0.00023,0.00024,0.00023,0.00023,0.00024,0.00023,0.00025,0.00023,0.00023,0.00023,0.00023,0.00023,0.00023,0.00023,0.00023,0.00023,0.00023,0.00023,0.00023,0.00025,0.00023,0.00024,0.00023,0.00023,0.00023,0.00023
Sec1|Node24_33|Edge6_34,1,1,1,1,1,1,1,1,1,1,1,1,1,1,1,1,1,1,1,1,1,1,1,1,1,1,1,1,1,1,0.0002,0.0002,0.0002,0.0002,0.0002,0.0002,0.0002,0.0002,0.00019,0.00019,0.0002,0.0002,0.00021,0.00019,0.00019,0.00019,0.00019,0.00019,0.00019,0.00019,0.00019,0.00019,0.00019,0.00019,0.00019,0.00019,0.00019,0.0002,0.00019,0.0002
Sec1|Node24_33|Edge7_33,1,1,1,1,1,1,1,1,1,1,1,1,1,1,1,1,1,1,1,1,1,1,1,1,1,1,1,1,1,1,0.00035,0.00049,0.00078,0.00077,0.00078,0.00078,0.00079,0.00077,0.00077,0.00078,0.0008,0.00078,0.00077,0.00077,0.00078,0.00078,0.00077,0.00079,0.00078,0.00077,0.0008,0.00078,0.00077,0.00077,0.0008,0.00078,0.00078,0.00078,0.00077,0.00079
Sec1|Node24_33|Edge8_33,1,1,1,1,1,1,1,1,1,1,1,1,1,1,1,1,1,1,1,1,1,1,1,1,1,1,1,1,1,1,0.0002,0.00019,0.00019,0.00019,0.00019,0.00019,0.00019,0.00019,0.00019,0.00019,0.00019,0.00019,0.00019,0.00019,0.00019,0.00019,0.00019,0.00019,0.0002,0.00019,0.00019,0.00019,0.00019,0.00019,0.00019,0.00019,0.00019,0.00019,0.0002,0.00019
Sec1|Node24_33|Edge9_32,1,1,1,1,1,1,1,1,1,1,1,1,1,1,1,1,1,1,1,1,1,1,1,1,1,1,1,1,1,1,0.00015,0.00015,0.00015,0.00015,0.00015,0.00015,0.00015,0.00015,0.00015,0.00015,0.00015,0.00016,0.00015,0.00015,0.00015,0.00015,0.00015,0.00015,0.00015,0.00015,0.00015,0.00015,0.00015,0.00015,0.00015,0.00015,0.00015,0.00015,0.00015,0.00016
Sec1|Node22_21|Edge10_24,2,2,2,2,2,2,2,2,2,2,2,2,2,2,2,2,2,2,2,2,2,2,2,2,2,2,2,2,2,2,0.00044,0.00044,0.00043,0.00044,0.00045,0.00043,0.00043,0.00043,0.00043,0.00045,0.00043,0.00043,0.00043,0.00044,0.00043,0.00043,0.00043,0.00043,0.00043,0.00043,0.00043,0.00046,0.00043,0.00043,0.00043,0.00043,0.00045,0.00044,0.00043,0.00044
Sec1|Node22_21|Edge1_25,1,1,1,1,1,1,1,1,1,1,1,1,1,1,1,1,1,1,1,1,1,1,1,1,1,1,1,1,1,1,0.00017,0.00017,0.00017,0.00017,0.00017,0.00017,0.00017,0.00017,0.00017,0.00017,0.00017,0.00017,0.00017,0.00018,0.00017,0.00017,0.00017,0.00017,0.00017,0.00017,0.00017,0.00017,0.00017,0.00017,0.00017,0.00017,0.00017,0.00017,0.00017,0.00017
Sec1|Node22_21|Edge2_19,3,1,1,1,1,1,1,1,1,1,1,1,1,1,1,1,1,1,1,1,1,1,1,1,1,1,1,1,1,1,0.0004,0.00048,0.00057,0.00057,0.00057,0.00057,0.00057,0.00057,0.00057,0.00057,0.00057,0.00057,0.00057,0.00057,0.00056,0.00057,0.00057,0.00057,0.00056,0.00057,0.00057,0.00057,0.00057,0.00056,0.00056,0.00058,0.00056,0.00056,0.00057,0.00057
Sec1|Node22_21|Edge3_22,2,2,2,2,2,2,2,2,2,2,2,2,2,2,2,2,2,2,2,2,2,2,2,2,2,2,2,2,2,2,0.00022,0.00022,0.00022,0.00022,0.00022,0.00022,0.00022,0.00022,0.00021,0.00022,0.00022,0.00022,0.00022,0.00022,0.00022,0.00022,0.00022,0.00022,0.00022,0.00022,0.00022,0.00022,0.00022,0.00022,0.00023,0.00022,0.00022,0.00022,0.00022,0.00022
Sec1|Node22_21|Edge4_26,2,2,2,2,2,2,2,2,2,2,2,2,2,2,2,2,2,2,2,2,2,2,2,2,2,2,2,2,2,2,0.00017,0.00016,0.00016,0.00016,0.00016,0.00016,0.00016,0.00016,0.00017,0.00016,0.00016,0.00016,0.00016,0.00016,0.00016,0.00016,0.00016,0.00017,0.00016,0.00016,0.00016,0.00016,0.00016,0.00016,0.00016,0.00016,0.00016,0.00016,0.00016,0.00016
Sec1|Node22_21|Edge5_25,2,2,2,2,2,2,2,2,2,2,2,2,2,2,2,2,2,2,2,2,2,2,2,2,2,2,2,2,2,2,0.00051,0.00049,0.00049,0.00049,0.00049,0.00049,0.00049,0.00051,0.00049,0.00049,0.00049,0.00049,0.00051,0.0005,0.00049,0.00051,0.00049,0.0005,0.00049,0.00049,0.00049,0.00048,0.0005,0.0005,0.00049,0.00049,0.00049,0.0005,0.0005,0.00049
Sec1|Node22_21|Edge6_26,1,1,1,1,1,1,1,1,1,1,1,1,1,1,1,1,1,1,1,1,1,1,1,1,1,1,1,1,1,1,0.0008,0.00077,0.00079,0.00077,0.00077,0.00078,0.00078,0.00079,0.00078,0.00078,0.0008,0.00078,0.0008,0.00077,0.00078,0.00078,0.00077,0.00079,0.00078,0.00077,0.00079,0.00077,0.00078,0.00077,0.00077,0.00077,0.00077,0.00078,0.00078,0.00077
Sec1|Node22_21|Edge7_37,2,2,2,2,2,2,2,2,2,2,2,2,2,2,2,2,2,2,2,2,2,2,2,2,2,2,2,2,2,2,0.00039,0.00038,0.00039,0.00037,0.00038,0.00037,0.00038,0.00037,0.00037,0.00038,0.00037,0.00037,0.00037,0.00037,0.00037,0.00038,0.00039,0.00037,0.00037,0.00038,0.00038,0.00038,0.00038,0.00037,0.00038,0.00037,0.00039,0.00037,0.00038,0.00037
Sec1|Node22_21|Edge8_31,1,1,1,1,1,1,1,1,1,1,1,1,1,1,1,1,1,1,1,1,1,1,1,1,1,1,1,1,1,1,0.00015,0.00015,0.00014,0.00016,0.00014,0.00014,0.00014,0.00014,0.00015,0.00014,0.00014,0.00014,0.00015,0.00014,0.00014,0.00014,0.00014,0.00014,0.00014,0.00014,0.00014,0.00016,0.00014,0.00014,0.00014,0.00015,0.00014,0.00014,0.00014,0.00014
Sec1|Node22_21|Edge9_41,2,2,2,2,2,2,2,2,2,2,2,2,2,2,2,2,2,2,2,2,2,2,2,2,2,2,2,2,2,2,0.00052,0.00053,0.00053,0.00051,0.00053,0.00051,0.00053,0.00051,0.00051,0.00052,0.00051,0.00052,0.00052,0.00051,0.00052,0.00052,0.00052,0.00053,0.00052,0.00051,0.00051,0.00052,0.00051,0.00051,0.00053,0.00051,0.00051,0.00051,0.00051,0.00051
Sec1|Node2_33|Edge10_30,2,2,2,2,2,2,2,2,2,2,2,2,2,2,2,2,2,2,2,2,2,2,2,2,2,2,2,2,2,2,0.00135,0.00135,0.00134,0.00133,0.00135,0.00133,0.00136,0.00132,0.00135,0.00136,0.00134,0.00134,0.00136,0.00133,0.00134,0.00136,0.00134,0.00135,0.00135,0.00132,0.00134,0.00134,0.00135,0.00135,0.00137,0.00135,0.00134,0.00134,0.00134,0.00134
Sec1|Node2_33|Edge1_29,2,2,2,2,2,2,2,2,2,2,2,2,2,2,2,2,2,2,2,2,2,2,2,2,2,2,2,2,2,2,0.00093,0.00094,0.00092,0.00093,0.00092,0.00093,0.00093,0.00093,0.00093,0.00093,0.00091,0.00093,0.00093,0.00092,0.00093,0.00094,0.00092,0.00092,0.00093,0.00093,0.00092,0.00092,0.00092,0.00093,0.00093,0.00092,0.00094,0.00091,0.00092,0.00092
Sec1|Node2_33|Edge2_32,23,23,2,2,2,2,2,2,2,2,2,2,2,2,2,2,2,2,2,2,2,2,2,2,2,2,2,2,2,2,0.00056,0.00067,0.00078,0.00079,0.00079,0.00077,0.00078,0.00079,0.00078,0.00078,0.00078,0.00077,0.00078,0.00079,0.0008,0.00078,0.00081,0.00077,0.00078,0.00078,0.00078,0.00077,0.00077,0.00078,0.00078,0.00078,0.00079,0.00078,0.00079,0.00077
Sec1|Node2_33|Edge3_28,2,2,2,2,2,2,2,2,2,2,2,2,2,2,2,2,2,2,2,2,2,2,2,2,2,2,2,2,2,2,0.00081,0.00078,0.00078,0.00078,0.00079,0.0008,0.00078,0.00078,0.0008,0.00079,0.0008,0.00079,0.00079,0.00079,0.0008,0.0008,0.00079,0.0008,0.00079,0.00079,0.0008,0.0008,0.00079,0.00079,0.0008,0.00079,0.0008,0.0008,0.00079,0.0008
Sec1|Node2_33|Edge4_33,2,2,2,2,2,2,2,2,2,2,2,2,2,2,2,2,2,2,2,2,2,2,2,2,2,2,2,2,2,2,0.00087,0.00085,0.00084,0.00084,0.00086,0.00086,0.00085,0.00085,0.00085,0.00087,0.00084,0.00084,0.00086,0.00086,0.00085,0.00085,0.00085,0.00085,0.00086,0.00085,0.00085,0.00085,0.00088,0.00085,0.00085,0.00085,0.00085,0.00086,0.00085,0.00085
Sec1|Node2_33|Edge5_29,2,2,2,2,2,2,2,2,2,2,2,2,2,2,2,2,2,2,2,2,2,2,2,2,2,2,2,2,2,2,0.00183,0.00183,0.00182,0.00185,0.00183,0.00185,0.00183,0.00187,0.00183,0.00185,0.00185,0.00184,0.00186,0.00185,0.00187,0.00183,0.00187,0.00186,0.00187,0.00185,0.00186,0.00183,0.00185,0.00184,0.00186,0.00184,0.00187,0.00184,0.00184,0.00186
Sec1|Node2_33|Edge6_34,2,2,2,2,2,2,2,2,2,2,2,2,2,2,2,2,2,2,2,2,2,2,2,2,2,2,2,2,2,2,0.00029,0.00028,0.00027,0.00027,0.00027,0.00027,0.00027,0.00027,0.00027,0.00027,0.00027,0.00027,0.00027,0.00029,0.00027,0.00027,0.00027,0.00027,0.00028,0.00027,0.00027,0.00027,0.00027,0.00027,0.00027,0.00027,0.00029,0.00027,0.00027,0.00027
Sec1|Node2_33|Edge7_33,23,23,2,2,2,2,2,2,2,2,2,2,2,2,2,2,2,2,2,2,2,2,2,2,2,2,2,2,2,2,0.00069,0.00085,0.00097,0.00097,0.00097,0.00099,0.00098,0.00098,0.00098,0.00099,0.00098,0.00098,0.00097,0.00098,0.00098,0.00098,0.00098,0.00098,0.00098,0.00097,0.00097,0.00098,0.00097,0.00097,0.00098,0.00098,0.00098,0.00098,0.00098,0.00098
Sec1|Node2_33|Edge8_31,2,2,2,2,2,2,2,2,2,2,2,2,2,2,2,2,2,2,2,2,2,2,2,2,2,2,2,2,2,2,0.00099,0.00099,0.00098,0.00098,0.00099,0.00098,0.00098,0.00098,0.001,0.00098,0.00098,0.00098,0.00099,0.00098,0.00098,0.00098,0.00099,0.00098,0.00098,0.00099,0.00101,0.001,0.00099,0.00099,0.001,0.00099,0.00098,0.00099,0.001,0.00099
Sec1|Node2_33|Edge9_34,2,2,2,2,2,2,2,2,2,2,2,2,2,2,2,2,2,2,2,2,2,2,2,2,2,2,2,2,2,2,0.00105,0.00103,0.00104,0.00103,0.00105,0.00104,0.00105,0.00103,0.00104,0.00104,0.00105,0.00104,0.00106,0.00104,0.00105,0.00104,0.00104,0.00105,0.00106,0.00106,0.00104,0.00105,0.00105,0.00103,0.00103,0.00105,0.00103,0.00104,0.00104,0.00104
Sec1|Node10_33|Edge10_34,2,2,2,2,2,2,2,2,2,2,2,2,2,2,2,2,2,2,2,2,2,2,2,2,2,2,2,2,2,2,0.00041,0.0004,0.00041,0.0004,0.00041,0.0004,0.0004,0.0004,0.0004,0.0004,0.0004,0.0004,0.0004,0.00042,0.0004,0.0004,0.0004,0.0004,0.00041,0.0004,0.0004,0.00042,0.0004,0.0004,0.0004,0.00041,0.00041,0.00041,0.00041,0.00041
Sec1|Node10_33|Edge1_31,3,3,1,1,1,1,1,1,1,1,1,1,1,1,1,1,1,1,1,1,1,1,1,1,1,1,1,1,1,1,0.00034,0.00057,0.0008,0.00099,0.00128,0.00167,0.00188,0.00223,0.00225,0.00224,0.00223,0.00222,0.00221,0.0022,0.00223,0.00223,0.00222,0.00221,0.00222,0.00223,0.00221,0.00224,0.00224,0.0022,0.00223,0.00226,0.00225,0.00223,0.00224,0.00227
Sec1|Node10_33|Edge2_34,2,2,2,2,2,2,2,2,2,2,2,2,2,2,2,2,2,2,2,2,2,2,2,2,2,2,2,2,2,2,9E-05,8E-05,8E-05,8E-05,8E-05,8E-05,8E-05,0.0001,8E-05,8E-05,8E-05,8E-05,8E-05,8E-05,8E-05,8E-05,8E-05,8E-05,8E-05,8E-05,8E-05,8E-05,8E-05,8E-05,8E-05,8E-05,8E-05,8E-05,8E-05,8E-05
Sec1|Node10_33|Edge3_30,2,2,2,2,2,2,2,2,2,2,2,2,2,2,2,2,2,2,2,2,2,2,2,2,2,2,2,2,2,2,0.00013,0.00013,0.00012,0.00012,0.00013,0.00012,0.00012,0.00012,0.00012,0.00012,0.00012,0.00013,0.00012,0.00012,0.00012,0.00013,0.00012,0.00012,0.00012,0.00012,0.00012,0.00012,0.00012,0.00012,0.00012,0.00012,0.00012,0.00014,0.00012,0.00012
Sec1|Node10_33|Edge4_32,1,1,1,1,1,1,1,1,1,1,1,1,1,1,1,1,1,1,1,1,1,1,1,1,1,1,1,1,1,1,0.00015,0.00015,0.00015,0.00015,0.00015,0.00015,0.00015,0.00016,0.00015,0.00015,0.00015,0.00015,0.00015,0.00015,0.00015,0.00016,0.00015,0.00014,0.00015,0.00015,0.00014,0.00015,0.00014,0.00015,0.00015,0.00015,0.00015,0.00015,0.00015,0.00015
Sec1|Node10_33|Edge5_34,1,1,1,1,1,1,1,1,1,1,1,1,1,1,1,1,1,1,1,1,1,1,1,1,1,1,1,1,1,1,0.00098,0.0013,0.00091,0.00128,0.00093,0.00093,0.0009,0.0009,0.00091,0.0009,0.00104,0.00098,0.00093,0.00054,0.00045,0.00045,0.00046,0.00045,0.00046,0.00045,0.00045,0.00045,0.00047,0.00056,0.00046,0.00046,0.00046,0.00046,0.00046,0.00046
Sec1|Node10_33|Edge6_34,1,1,1,1,1,1,1,1,1,1,1,1,1,1,1,1,1,1,1,1,1,1,1,1,1,1,1,1,1,1,0.00014,0.00013,0.00012,0.00012,0.00013,0.00019,0.00018,0.00013,0.00016,0.00019,0.00019,0.00019,0.00021,0.0002,0.0002,0.00018,0.00019,0.00012,0.00012,0.00012,0.00012,0.00013,0.0002,0.00014,0.00012,0.00012,0.00012,0.00012,0.00012,0.00012
Sec1|Node10_33|Edge7_31,1,1,1,1,1,1,1,1,1,1,1,1,1,1,1,1,1,1,1,1,1,1,1,1,1,1,1,1,1,1,0.00021,0.00076,0.00131,0.00072,0.00071,0.00072,0.00072,0.00072,0.00072,0.00072,0.00091,0.00071,0.00072,0.00072,0.00093,0.00129,0.00074,0.00071,0.00072,0.00087,0.00072,0.00073,0.00072,0.00072,0.00072,0.00071,0.00074,0.00096,0.00129,0.00084
Sec1|Node10_33|Edge8_31,1,1,1,1,1,1,1,1,1,1,1,1,1,1,1,1,1,1,1,1,1,1,1,1,1,1,1,1,1,1,0.00038,0.00025,0.00024,0.00024,0.00025,0.00025,0.00036,0.00039,0.00039,0.00039,0.00035,0.00024,0.00024,0.00024,0.00024,0.00025,0.00024,0.00024,0.00025,0.00024,0.00024,0.00024,0.00036,0.00024,0.00024,0.00024,0.00024,0.00025,0.00024,0.00024
Sec1|Node10_33|Edge9_28,1,1,1,1,1,1,1,1,1,1,1,1,1,1,1,1,1,1,1,1,1,1,1,1,1,1,1,1,1,1,0.00035,0.00056,0.00063,0.00064,0.00063,0.00063,0.00065,0.00063,0.00063,0.00081,0.00101,0.00104,0.00062,0.00061,0.00062,0.00061,0.00065,0.00061,0.00061,0.0008,0.00062,0.00062,0.00062,0.00061,0.00062,0.00101,0.00088,0.00061,0.00062,0.00065
Sec1|Node1_16|Edge10_30,1,1,1,1,1,1,1,1,1,1,1,1,1,1,1,1,1,1,1,1,1,1,1,1,1,1,1,1,1,1,0.00012,0.00012,0.00011,0.00011,0.00011,0.00011,0.00015,0.00018,0.00017,0.00011,0.00011,0.00011,0.00011,0.00011,0.00011,0.00011,0.00011,0.00011,0.00011,0.00013,0.00012,0.00011,0.00011,0.00011,0.00011,0.00011,0.00012,0.00011,0.00011,0.00011
Sec1|Node1_16|Edge1_16,1,1,1,1,1,1,1,1,1,1,1,1,1,1,1,1,1,1,1,1,1,1,1,1,1,1,1,1,1,1,0.0001,9E-05,9E-05,9E-05,9E-05,9E-05,9E-05,9E-05,9E-05,9E-05,9E-05,9E-05,9E-05,9E-05,9E-05,9E-05,9E-05,9E-05,9E-05,9E-05,9E-05,9E-05,9E-05,9E-05,9E-05,9E-05,9E-05,9E-05,9E-05,9E-05
Sec1|Node1_16|Edge2_23,1,1,1,1,1,1,1,1,1,1,1,1,1,1,1,1,1,1,1,1,1,1,1,1,1,1,1,1,1,1,0.00019,0.00019,0.00019,0.00018,0.00018,0.00019,0.00019,0.00018,0.00018,0.00018,0.00018,0.00019,0.00018,0.00018,0.00018,0.00018,0.00018,0.00018,0.00018,0.00018,0.00018,0.00018,0.00018,0.00018,0.00019,0.00018,0.00018,0.00018,0.00018,0.00018
Sec1|Node1_16|Edge3_17,1,1,1,1,1,1,1,1,1,1,1,1,1,1,1,1,1,1,1,1,1,1,1,1,1,1,1,1,1,1,0.00015,0.00014,0.00014,0.00014,0.00014,0.00014,0.00014,0.00014,0.00014,0.00013,0.00014,0.00014,0.00014,0.00014,0.00014,0.00014,0.00014,0.00013,0.00014,0.00013,0.00014,0.00014,0.00014,0.00014,0.00014,0.00014,0.00014,0.00014,0.00014,0.00014
Sec1|Node1_16|Edge4_25,1,1,1,1,1,1,1,1,1,1,1,1,1,1,1,1,1,1,1,1,1,1,1,1,1,1,1,1,1,1,0.00015,0.00014,0.00014,0.00014,0.00014,0.00014,0.00014,0.00014,0.00014,0.00014,0.00014,0.00014,0.00014,0.00014,0.00014,0.00014,0.00014,0.00014,0.00014,0.00014,0.00014,0.00014,0.00014,0.00014,0.00014,0.00014,0.00014,0.00015,0.00014,0.00014
Sec1|Node1_16|Edge5_15,2,2,2,2,2,2,2,2,2,2,2,2,2,2,2,2,2,2,2,2,2,2,2,2,2,2,2,2,2,2,0.00011,0.00011,0.0001,0.0001,0.0001,0.0001,0.0001,0.00011,0.0001,0.0001,0.0001,0.0001,0.00011,0.0001,0.00011,0.0001,0.0001,0.0001,0.00011,0.0001,0.0001,0.00011,0.0001,0.0001,0.0001,0.0001,0.0001,0.0001,0.0001,0.00011
Sec1|Node1_16|Edge6_20,1,1,1,1,1,1,1,1,1,1,1,1,1,1,1,1,1,1,1,1,1,1,1,1,1,1,1,1,1,1,0.00013,0.00012,0.00012,0.00011,0.00013,0.00012,0.00012,0.00012,0.00011,0.00012,0.00011,0.00012,0.00012,0.00012,0.00012,0.00012,0.00012,0.00012,0.00012,0.00011,0.00011,0.00011,0.00012,0.00012,0.00011,0.00012,0.00012,0.00012,0.00012,0.00011
Sec1|Node1_16|Edge7_22,1,1,1,1,1,1,1,1,1,1,1,1,1,1,1,1,1,1,1,1,1,1,1,1,1,1,1,1,1,1,0.00024,0.00024,0.00024,0.00024,0.00024,0.00024,0.00024,0.00024,0.00024,0.00024,0.00024,0.00024,0.00025,0.00024,0.00024,0.00024,0.00024,0.00024,0.00024,0.00024,0.00024,0.00024,0.00024,0.00024,0.00024,0.00024,0.00024,0.00024,0.00024,0.00024
Sec1|Node1_16|Edge8_27,1,1,1,1,1,1,1,1,1,1,1,1,1,1,1,1,1,1,1,1,1,1,1,1,1,1,1,1,1,1,0.00018,0.00017,0.00017,0.00017,0.00017,0.00018,0.00017,0.00018,0.00017,0.00017,0.00017,0.00017,0.00017,0.00017,0.00017,0.00017,0.00017,0.00017,0.00017,0.00017,0.00017,0.00017,0.00017,0.00017,0.00017,0.00018,0.00018,0.00017,0.00017,0.00017
Sec1|Node1_16|Edge9_36,1,1,1,1,1,1,1,1,1,1,1,1,1,1,1,1,1,1,1,1,1,1,1,1,1,1,1,1,1,1,0.00023,0.00022,0.00022,0.00022,0.00022,0.00022,0.00021,0.00022,0.00021,0.00022,0.00022,0.00022,0.00022,0.00022,0.00022,0.00022,0.00022,0.00021,0.00022,0.00021,0.00021,0.00021,0.00021,0.00021,0.00022,0.00022,0.00022,0.00022,0.00021,0.00022
Sec1|Node5_32|Edge10_34,2,2,2,2,2,2,2,2,2,2,2,2,2,2,2,2,2,2,2,2,2,2,2,2,2,2,2,2,2,2,0.00043,0.00041,0.00042,0.00042,0.00041,0.00041,0.00041,0.00042,0.00041,0.00041,0.00041,0.00041,0.00042,0.00041,0.00041,0.00042,0.00041,0.00041,0.00041,0.00042,0.00042,0.00041,0.00041,0.00042,0.00041,0.00041,0.00041,0.00041,0.00041,0.00041
Sec1|Node5_32|Edge1_34,2,2,2,2,2,2,2,2,2,2,2,2,2,2,2,2,2,2,2,2,2,2,2,2,2,2,2,2,2,2,0.00055,0.00053,0.00052,0.00053,0.00053,0.00052,0.00052,0.00053,0.00053,0.00053,0.00053,0.00053,0.00053,0.00053,0.00053,0.00054,0.00053,0.00052,0.00053,0.00053,0.00053,0.00055,0.00053,0.00053,0.00053,0.00053,0.00053,0.00053,0.00053,0.00053
Sec1|Node5_32|Edge2_32,2,2,2,2,2,2,2,2,2,2,2,2,2,2,2,2,2,2,2,2,2,2,2,2,2,2,2,2,2,2,0.00061,0.00058,0.00058,0.00058,0.00058,0.00059,0.00059,0.00059,0.00058,0.00058,0.00058,0.00058,0.0006,0.0006,0.00059,0.00059,0.00059,0.00058,0.00059,0.00058,0.00058,0.00059,0.00058,0.0006,0.00059,0.0006,0.00059,0.00059,0.00059,0.0006
Sec1|Node5_32|Edge3_33,2,2,2,2,2,2,2,2,2,2,2,2,2,2,2,2,2,2,2,2,2,2,2,2,2,2,2,2,2,2,0.00043,0.00042,0.00042,0.00042,0.00042,0.00043,0.00041,0.00042,0.00041,0.00041,0.00041,0.00042,0.00042,0.00042,0.00043,0.00042,0.00043,0.00042,0.00042,0.00042,0.00042,0.00043,0.00043,0.00042,0.00042,0.00042,0.00042,0.00043,0.00042,0.00042
Sec1|Node5_32|Edge4_32,2,2,2,2,2,2,2,2,2,2,2,2,2,2,2,2,2,2,2,2,2,2,2,2,2,2,2,2,2,2,0.00019,0.00018,0.00018,0.00018,0.00019,0.00018,0.00018,0.00018,0.00019,0.00018,0.00018,0.00019,0.00018,0.00018,0.00018,0.00018,0.00018,0.00018,0.00018,0.00018,0.00018,0.00019,0.00018,0.00018,0.00018,0.00018,0.00018,0.00018,0.00018,0.00018
Sec1|Node5_32|Edge5_30,2,2,2,2,2,2,2,2,2,2,2,2,2,2,2,2,2,2,2,2,2,2,2,2,2,2,2,2,2,2,0.00012,0.00011,0.00011,0.00011,0.00011,0.00011,0.00011,0.00011,0.00012,0.00011,0.00011,0.00011,0.00011,0.00011,0.00011,0.00011,0.00011,0.00011,0.00011,0.00011,0.00011,0.00011,0.00011,0.00012,0.00012,0.00011,0.00011,0.00012,0.00011,0.00011
Sec1|Node5_32|Edge6_29,2,2,2,2,2,2,2,2,2,2,2,2,2,2,2,2,2,2,2,2,2,2,2,2,2,2,2,2,2,2,0.00037,0.00036,0.00036,0.00036,0.00036,0.00036,0.00037,0.00037,0.00036,0.00036,0.00037,0.00037,0.00036,0.00036,0.00036,0.00037,0.00036,0.00036,0.00037,0.00037,0.00037,0.00038,0.00036,0.00036,0.00036,0.00036,0.00036,0.00036,0.00036,0.00036
Sec1|Node5_32|Edge7_29,2,2,2,2,2,2,2,2,2,2,2,2,2,2,2,2,2,2,2,2,2,2,2,2,2,2,2,2,2,2,0.0006,0.00059,0.0006,0.00059,0.00059,0.0006,0.0006,0.00059,0.0006,0.0006,0.0006,0.00059,0.00059,0.00059,0.00061,0.00061,0.00059,0.00059,0.00059,0.00059,0.00059,0.0006,0.0006,0.00059,0.00059,0.00059,0.00059,0.0006,0.00059,0.00059
Sec1|Node5_32|Edge8_36,2,2,2,2,2,2,2,2,2,2,2,2,2,2,2,2,2,2,2,2,2,2,2,2,2,2,2,2,2,2,0.0002,0.0002,0.0002,0.0002,0.0002,0.0002,0.0002,0.0002,0.0002,0.0002,0.0002,0.0002,0.0002,0.0002,0.0002,0.0002,0.0002,0.0002,0.0002,0.0002,0.0002,0.0002,0.0002,0.0002,0.0002,0.0002,0.0002,0.0002,0.0002,0.0002
Sec1|Node5_32|Edge9_33,2,2,2,2,2,2,2,2,2,2,2,2,2,2,2,2,2,2,2,2,2,2,2,2,2,2,2,2,2,2,0.00057,0.00057,0.00057,0.00056,0.00057,0.00057,0.00057,0.00057,0.00057,0.00056,0.00056,0.00056,0.00056,0.00056,0.00058,0.00056,0.00056,0.00056,0.00056,0.00056,0.00057,0.00057,0.00057,0.00056,0.00056,0.00057,0.00056,0.00058,0.00056,0.00058
Sec1|Node8_18|Edge10_19,2,2,2,2,2,2,2,2,2,2,2,2,2,2,2,2,2,2,2,2,2,2,2,2,2,2,2,2,2,2,8E-05,7E-05,7E-05,7E-05,7E-05,7E-05,7E-05,7E-05,7E-05,7E-05,7E-05,7E-05,7E-05,7E-05,7E-05,7E-05,7E-05,7E-05,8E-05,0.00011,0.0001,7E-05,7E-05,7E-05,7E-05,7E-05,7E-05,7E-05,7E-05,7E-05
Sec1|Node8_18|Edge1_23,2,2,2,2,2,2,2,2,2,2,2,2,2,2,2,2,2,2,2,2,2,2,2,2,2,2,2,2,2,2,0.00029,0.00029,0.00028,0.00028,0.00037,0.00028,0.00028,0.00028,0.00028,0.00031,0.00028,0.00028,0.00029,0.00028,0.00029,0.00028,0.00028,0.00029,0.00028,0.00028,0.00028,0.00028,0.00028,0.00029,0.00028,0.00028,0.00028,0.00028,0.00028,0.00028
Sec1|Node8_18|Edge2_17,2,2,2,2,2,2,2,2,2,2,2,2,2,2,2,2,2,2,2,2,2,2,2,2,2,2,2,2,2,2,0.00027,0.00027,0.00026,0.00026,0.00026,0.00027,0.00026,0.00026,0.00026,0.00027,0.00026,0.00026,0.00028,0.00026,0.00026,0.00027,0.00026,0.00026,0.00027,0.00026,0.00026,0.00026,0.00026,0.00026,0.00026,0.00027,0.00027,0.00026,0.00026,0.00026
Sec1|Node8_18|Edge3_17,1,1,1,1,1,1,1,1,1,1,1,1,1,1,1,1,1,1,1,1,1,1,1,1,1,1,1,1,1,1,0.00044,0.00064,0.00115,0.00094,0.00073,0.00043,0.00044,0.00043,0.00043,0.00043,0.00043,0.00043,0.00043,0.00043,0.00043,0.00044,0.00043,0.00043,0.00043,0.00044,0.00043,0.00043,0.00043,0.00043,0.00043,0.00043,0.00048,0.0005,0.00049,0.00051
Sec1|Node8_18|Edge4_20,1,1,1,1,1,1,1,1,1,1,1,1,1,1,1,1,1,1,1,1,1,1,1,1,1,1,1,1,1,1,8E-05,7E-05,7E-05,7E-05,7E-05,7E-05,7E-05,7E-05,7E-05,7E-05,7E-05,7E-05,7E-05,7E-05,8E-05,8E-05,7E-05,7E-05,0.0001,0.0001,7E-05,7E-05,7E-05,7E-05,7E-05,7E-05,7E-05,7E-05,7E-05,7E-05
Sec1|Node8_18|Edge5_25,1,1,1,1,1,1,1,1,1,1,1,1,1,1,1,1,1,1,1,1,1,1,1,1,1,1,1,1,1,1,0.00022,0.00022,0.00021,0.00022,0.00021,0.00021,0.00021,0.00022,0.00021,0.00021,0.00021,0.00021,0.00022,0.00023,0.00022,0.00023,0.00027,0.00021,0.00021,0.00021,0.00021,0.00021,0.00021,0.00021,0.00021,0.00021,0.00021,0.00021,0.00021,0.00021
Sec1|Node8_18|Edge6_49,1,1,1,1,1,1,1,1,1,1,1,1,1,1,1,1,1,1,1,1,1,1,1,1,1,1,1,1,1,1,0.00017,0.00016,0.00016,0.00021,0.00016,0.00019,0.00016,0.00021,0.00016,0.00016,0.00016,0.00016,0.00016,0.00016,0.00016,0.00016,0.00016,0.00016,0.00016,0.00016,0.00016,0.00016,0.00016,0.00016,0.00016,0.00016,0.00016,0.00018,0.00016,0.00016
Sec1|Node8_18|Edge7_23,1,1,1,1,1,1,1,1,1,1,1,1,1,1,1,1,1,1,1,1,1,1,1,1,1,1,1,1,1,1,0.00021,0.00031,0.00049,0.0005,0.00049,0.00049,0.00049,0.00049,0.00049,0.00049,0.0005,0.00049,0.00089,0.00111,0.00115,0.00098,0.00049,0.00049,0.00049,0.00049,0.00049,0.0005,0.00049,0.00049,0.00049,0.00049,0.00049,0.00049,0.0005,0.00049
Sec1|Node8_18|Edge8_26,2,2,2,2,2,2,2,2,2,2,2,2,2,2,2,2,2,2,2,2,2,2,2,2,2,2,2,2,2,2,0.00024,0.00023,0.00023,0.00022,0.00023,0.00023,0.00047,0.00043,0.00043,0.00044,0.00042,0.00042,0.00042,0.00045,0.00043,0.00042,0.00052,0.00052,0.00054,0.00053,0.00053,0.00053,0.00047,0.00046,0.00046,0.00046,0.00047,0.00049,0.00046,0.00033
Sec1|Node8_18|Edge9_18,2,2,2,2,2,2,2,2,2,2,2,2,2,2,2,2,2,2,2,2,2,2,2,2,2,2,2,2,2,2,0.00022,0.00021,0.0002,0.00021,0.00021,0.0002,0.0002,0.0002,0.00021,0.0002,0.00021,0.0002,0.00021,0.0002,0.0002,0.0002,0.00021,0.00021,0.0002,0.0002,0.00022,0.0002,0.0002,0.00021,0.0002,0.00021,0.0002,0.0002,0.00021,0.0002
Sec1|Node7_17|Edge10_19,1,1,1,1,1,1,1,1,1,1,1,1,1,1,1,1,1,1,1,1,1,1,1,1,1,1,1,1,1,1,0.00012,0.00011,0.00011,0.0001,0.0001,0.0001,0.0001,0.0001,0.0001,0.0001,0.0001,0.0001,0.0001,0.0001,0.0001,0.0001,0.0001,0.0001,0.0001,0.0001,0.0001,0.0001,0.00011,0.0001,0.0001,0.0001,0.0001,0.0001,0.0001,0.0001
Sec1|Node7_17|Edge1_30,1,1,1,1,1,1,1,1,1,1,1,1,1,1,1,1,1,1,1,1,1,1,1,1,1,1,1,1,1,1,0.00026,0.00025,0.00025,0.00025,0.00026,0.00025,0.00026,0.00026,0.00025,0.00025,0.00025,0.00026,0.00025,0.00025,0.00025,0.00028,0.00025,0.00025,0.00025,0.00025,0.00025,0.00025,0.00025,0.00025,0.00025,0.00025,0.00025,0.00025,0.00025,0.00025
Sec1|Node7_17|Edge2_20,1,1,1,1,1,1,1,1,1,1,1,1,1,1,1,1,1,1,1,1,1,1,1,1,1,1,1,1,1,1,0.00011,0.0001,9E-05,9E-05,9E-05,9E-05,9E-05,9E-05,9E-05,9E-05,9E-05,9E-05,9E-05,9E-05,9E-05,0.00011,9E-05,9E-05,9E-05,9E-05,9E-05,9E-05,9E-05,9E-05,9E-05,9E-05,9E-05,9E-05,9E-05,9E-05
Sec1|Node7_17|Edge3_17,2,2,2,2,2,2,2,2,2,2,2,2,2,2,2,2,2,2,2,2,2,2,2,2,2,2,2,2,2,2,0.00021,0.00018,0.00018,0.00017,0.00017,0.00017,0.00017,0.00017,0.00017,0.00017,0.00017,0.00017,0.00017,0.00017,0.00017,0.00017,0.00017,0.00017,0.00017,0.00017,0.00017,0.0002,0.00016,0.00016,0.00016,0.00016,0.00016,0.00016,0.00016,0.00016
Sec1|Node7_17|Edge4_21,1,1,1,1,1,1,1,1,1,1,1,1,1,1,1,1,1,1,1,1,1,1,1,1,1,1,1,1,1,1,0.00026,0.00027,0.00024,0.00024,0.00025,0.00024,0.00024,0.00024,0.00024,0.00024,0.00024,0.00024,0.00024,0.00024,0.00024,0.00026,0.00024,0.00024,0.00024,0.00024,0.00024,0.00024,0.00024,0.00024,0.00024,0.00024,0.00024,0.00027,0.00024,0.00024
Sec1|Node7_17|Edge5_27,1,1,1,1,1,1,1,1,1,1,1,1,1,1,1,1,1,1,1,1,1,1,1,1,1,1,1,1,1,1,0.00017,0.00016,0.00016,0.00016,0.00016,0.00016,0.00016,0.00016,0.00016,0.00015,0.00016,0.00016,0.00018,0.00016,0.00016,0.00016,0.00016,0.00016,0.00016,0.00015,0.00016,0.00016,0.00016,0.00015,0.00015,0.00015,0.00016,0.00016,0.00015,0.00015
Sec1|Node7_17|Edge6_40,1,1,1,1,1,1,1,1,1,1,1,1,1,1,1,1,1,1,1,1,1,1,1,1,1,1,1,1,1,1,0.00015,0.00015,0.00015,0.00015,0.00015,0.00015,0.00015,0.00015,0.00015,0.00014,0.00015,0.00014,0.00014,0.00014,0.00014,0.00016,0.00015,0.00014,0.00014,0.00015,0.00015,0.00014,0.00015,0.00016,0.00015,0.00014,0.00014,0.00014,0.00014,0.00014
Sec1|Node7_17|Edge7_45,1,1,1,1,1,1,1,1,1,1,1,1,1,1,1,1,1,1,1,1,1,1,1,1,1,1,1,1,1,1,0.00027,0.00026,0.00026,0.00026,0.00027,0.00026,0.00028,0.00026,0.00026,0.00026,0.00026,0.00026,0.00026,0.00027,0.00026,0.00026,0.00026,0.00026,0.00027,0.00026,0.00026,0.00026,0.00026,0.00026,0.00026,0.00026,0.00026,0.00026,0.00026,0.00027
Sec1|Node7_17|Edge8_46,1,1,1,1,1,1,1,1,1,1,1,1,1,1,1,1,1,1,1,1,1,1,1,1,1,1,1,1,1,1,0.00021,0.00019,0.0002,0.00019,0.0002,0.00019,0.00019,0.00019,0.00019,0.00019,0.00019,0.00019,0.00019,0.00019,0.00019,0.00019,0.00019,0.00019,0.00019,0.0002,0.00019,0.00019,0.00019,0.00019,0.00019,0.00019,0.00019,0.00019,0.00019,0.00019
Sec1|Node7_17|Edge9_46,1,1,1,1,1,1,1,1,1,1,1,1,1,1,1,1,1,1,1,1,1,1,1,1,1,1,1,1,1,1,0.00012,0.00011,0.00011,0.00012,0.00011,0.00011,0.00011,0.00011,0.00012,0.00011,0.00011,0.00011,0.00011,0.00011,0.00011,0.00011,0.00011,0.00011,0.00011,0.00011,0.00011,0.00011,0.00011,0.00011,0.00011,0.00011,0.00011,0.00011,0.00011,0.00011
,,,,,,,,,,,,,,,,,,,,,,,,,,,,,,,,,,,,,,,,,,,,,,,,,,,,,,,,,,,,
,,,,,,,,,,,,,,,,,,,,,,,,,,,,,,,,,,,,,,,,,,,,,,,,,,,,,,,,,,,,
,,,,,,,,,,,,,,,,,,,,,,,,,,,,,,,,,,,,,,,,,,,,,,,,,,,,,,,,,,,,
,0,0,0,0,0,0,0,0,0,0,0,0,0,0,0,0,0,0,0,0,0,0,0,0,0,0,0,0,0,0,0.17,0.18,0.2,0.22,0.24,0.24,0.24,0.24,0.24,0.23,0.23,0.24,0.24,0.24,0.24,0.24,0.24,0.24,0.24,0.24,0.24,0.24,0.24,0.24,0.24,0.24,0.24,0.24,0.24,0.24
,0.3,0.3,0.15,0.15,0.15,0.15,0.15,0.1,0,0,0,0,0,0,0,0,0,0,0,0,0,0,0,0,0,0,0,0,0,0,0.39,0.41,0.43,0.44,0.45,0.45,0.46,0.47,0.48,0.47,0.48,0.48,0.48,0.47,0.47,0.48,0.47,0.48,0.47,0.47,0.47,0.49,0.48,0.47,0.47,0.47,0.47,0.47,0.47,0.47
,0,0,0,0,0,0,0,0,0,0,0,0,0,0,0,0,0,0,0,0,0,0,0,0,0,0,0,0,0,0,0.32,0.31,0.31,0.31,0.31,0.31,0.31,0.31,0.31,0.31,0.31,0.31,0.31,0.31,0.31,0.31,0.31,0.31,0.31,0.31,0.31,0.31,0.31,0.31,0.31,0.31,0.31,0.31,0.31,0.31
,0.35,0.35,0.1,0.1,0,0,0,0,0,0,0,0,0,0,0,0,0,0,0,0,0,0,0,0,0,0,0,0,0,0,0.85,0.87,0.89,0.89,0.89,0.89,0.89,0.89,0.89,0.89,0.89,0.89,0.89,0.89,0.89,0.89,0.89,0.89,0.89,0.89,0.89,0.89,0.89,0.89,0.9,0.89,0.89,0.89,0.89,0.89
,0,0,0,0,0,0,0,0,0,0,0,0,0,0,0,0,0,0,0,0,0,0,0,0,0,0,0,0,0,0,0.79,0.8,0.81,0.81,0.81,0.81,0.81,0.81,0.81,0.82,0.81,0.81,0.82,0.82,0.82,0.81,0.82,0.82,0.82,0.81,0.82,0.81,0.82,0.81,0.81,0.81,0.82,0.81,0.82,0.82
,0,0,0,0,0,0,0,0,0,0,0,0,0,0,0,0,0,0,0,0,0,0,0,0,0,0,0,0,0,0,0.28,0.29,0.31,0.31,0.31,0.31,0.31,0.31,0.31,0.31,0.31,0.31,0.31,0.31,0.31,0.31,0.31,0.31,0.31,0.31,0.31,0.31,0.31,0.31,0.31,0.31,0.31,0.31,0.31,0.31
,0,0,0,0,0,0,0,0,0,0,0,0,0,0,0,0,0,0,0,0,0,0,0,0,0,0,0,0,0,0,0.33,0.34,0.36,0.37,0.4,0.4,0.39,0.4,0.4,0.39,0.4,0.4,0.4,0.4,0.4,0.4,0.4,0.4,0.4,0.39,0.4,0.4,0.39,0.39,0.39,0.39,0.39,0.39,0.4,0.39
,0,0,0,0,0,0,0,0,0,0,0,0,0,0,0,0,0,0,0,0,0,0,0,0,0,0,0,0,0,0,0.31,0.3,0.3,0.3,0.3,0.3,0.3,0.3,0.3,0.3,0.3,0.3,0.3,0.3,0.3,0.3,0.3,0.3,0.3,0.3,0.3,0.3,0.3,0.3,0.3,0.3,0.3,0.3,0.3,0.3
,0.05,0.05,0.05,0.05,0,0,0,0,0,0,0,0,0,0,0,0,0,0,0,0,0,0,0,0,0,0,0,0,0,0,0.33,0.35,0.39,0.38,0.37,0.37,0.37,0.37,0.37,0.37,0.37,0.37,0.37,0.37,0.37,0.37,0.37,0.37,0.37,0.37,0.37,0.37,0.37,0.37,0.37,0.37,0.37,0.37,0.38,0.38
,0,0,0,0,0,0,0,0,0,0,0,0,0,0,0,0,0,0,0,0,0,0,0,0,0,0,0,0,0,0,0.14,0.15,0.17,0.17,0.17,0.17,0.17,0.17,0.17,0.17,0.17,0.17,0.17,0.17,0.17,0.17,0.17,0.17,0.17,0.17,0.17,0.17,0.17,0.17,0.17,0.17,0.17,0.17,0.17,0.17
,0.05,0.05,0,0,0,0,0,0,0,0,0,0,0,0,0,0,0,0,0,0,0,0,0,0,0,0,0,0,0,0,0.37,0.37,0.35,0.35,0.35,0.36,0.36,0.35,0.35,0.35,0.35,0.35,0.35,0.35,0.35,0.35,0.36,0.36,0.36,0.36,0.35,0.35,0.35,0.35,0.35,0.35,0.35,0.35,0.35,0.35
,0.05,0,0,0,0,0,0,0,0,0,0,0,0,0,0,0,0,0,0,0,0,0,0,0,0,0,0,0,0,0,0.3,0.33,0.4,0.39,0.39,0.39,0.4,0.39,0.39,0.4,0.4,0.4,0.4,0.39,0.39,0.39,0.39,0.4,0.39,0.39,0.39,0.4,0.39,0.39,0.39,0.39,0.39,0.39,0.39,0.4
,0.15,0.15,0,0,0,0,0,0,0,0,0,0,0,0,0,0,0,0,0,0,0,0,0,0,0,0,0,0,0,0,0.63,0.7,0.73,0.73,0.73,0.75,0.76,0.78,0.78,0.79,0.81,0.8,0.78,0.76,0.76,0.78,0.76,0.75,0.75,0.76,0.75,0.75,0.76,0.75,0.75,0.77,0.77,0.76,0.78,0.76
,0,0,0,0,0,0,0,0,0,0,0,0,0,0,0,0,0,0,0,0,0,0,0,0,0,0,0,0,0,0,0.28,0.27,0.27,0.27,0.27,0.28,0.28,0.28,0.28,0.27,0.27,0.27,0.28,0.27,0.28,0.28,0.27,0.27,0.27,0.27,0.27,0.28,0.27,0.27,0.27,0.27,0.27,0.28,0.27,0.27
,0,0,0,0,0,0,0,0,0,0,0,0,0,0,0,0,0,0,0,0,0,0,0,0,0,0,0,0,0,0,0.21,0.21,0.24,0.24,0.23,0.21,0.22,0.22,0.22,0.22,0.22,0.22,0.24,0.25,0.25,0.25,0.22,0.22,0.22,0.23,0.22,0.22,0.22,0.22,0.22,0.22,0.22,0.22,0.22,0.21
